id,expect_date,actual_date,result
1,2017-01-01 | 2017-01-02 | 2018-01-01,2017-01-01 | 2017-01-02 | 2018-01-01,Accept
2,2017-01-02 | 2017-01-03 | 2018-01-02,2017-01-02 | 2017-01-03 | 2018-01-02,Accept
3,2017-01-03 | 2017-01-04 | 2018-01-03,2017-01-03 | 2017-01-04 | 2018-01-03,Accept
4,2017-01-04 | 2017-01-05 | 2018-01-04,2017-01-04 | 2017-01-05 | 2018-01-04,Accept
5,2017-01-05 | 2017-01-06 | 2018-01-05,2017-01-05 | 2017-01-06 | 2018-01-05,Accept
6,2017-01-06 | 2017-01-07 | 2018-01-06,2017-01-06 | 2017-01-07 | 2018-01-06,Accept
7,2017-01-07 | 2017-01-08 | 2018-01-07,2017-01-07 | 2017-01-08 | 2018-01-07,Accept
8,2017-01-08 | 2017-01-09 | 2018-01-08,2017-01-08 | 2017-01-09 | 2018-01-08,Accept
9,2017-01-09 | 2017-01-10 | 2018-01-09,2017-01-09 | 2017-01-10 | 2018-01-09,Accept
10,2017-01-10 | 2017-01-11 | 2018-01-10,2017-01-10 | 2017-01-11 | 2018-01-10,Accept
11,2017-01-11 | 2017-01-12 | 2018-01-11,2017-01-11 | 2017-01-12 | 2018-01-11,Accept
12,2017-01-12 | 2017-01-13 | 2018-01-12,2017-01-12 | 2017-01-13 | 2018-01-12,Accept
13,2017-01-13 | 2017-01-14 | 2018-01-13,2017-01-13 | 2017-01-14 | 2018-01-13,Accept
14,2017-01-14 | 2017-01-15 | 2018-01-14,2017-01-14 | 2017-01-15 | 2018-01-14,Accept
15,2017-01-15 | 2017-01-16 | 2018-01-15,2017-01-15 | 2017-01-16 | 2018-01-15,Accept
16,2017-01-16 | 2017-01-17 | 2018-01-16,2017-01-16 | 2017-01-17 | 2018-01-16,Accept
17,2017-01-17 | 2017-01-18 | 2018-01-17,2017-01-17 | 2017-01-18 | 2018-01-17,Accept
18,2017-01-18 | 2017-01-19 | 2018-01-18,2017-01-18 | 2017-01-19 | 2018-01-18,Accept
19,2017-01-19 | 2017-01-20 | 2018-01-19,2017-01-19 | 2017-01-20 | 2018-01-19,Accept
20,2017-01-20 | 2017-01-21 | 2018-01-20,2017-01-20 | 2017-01-21 | 2018-01-20,Accept
21,2017-01-21 | 2017-01-22 | 2018-01-21,2017-01-21 | 2017-01-22 | 2018-01-21,Accept
22,2017-01-22 | 2017-01-23 | 2018-01-22,2017-01-22 | 2017-01-23 | 2018-01-22,Accept
23,2017-01-23 | 2017-01-24 | 2018-01-23,2017-01-23 | 2017-01-24 | 2018-01-23,Accept
24,2017-01-24 | 2017-01-25 | 2018-01-24,2017-01-24 | 2017-01-25 | 2018-01-24,Accept
25,2017-01-25 | 2017-01-26 | 2018-01-25,2017-01-25 | 2017-01-26 | 2018-01-25,Accept
26,2017-01-26 | 2017-01-27 | 2018-01-26,2017-01-26 | 2017-01-27 | 2018-01-26,Accept
27,2017-01-27 | 2017-01-28 | 2018-01-27,2017-01-27 | 2017-01-28 | 2018-01-27,Accept
28,2017-01-28 | 2017-01-29 | 2018-01-28,2017-01-28 | 2017-01-29 | 2018-01-28,Accept
29,2017-01-29 | 2017-01-30 | 2018-01-29,2017-01-29 | 2017-01-30 | 2018-01-29,Accept
30,2017-01-30 | 2017-01-31 | 2018-01-30,2017-01-30 | 2017-01-31 | 2018-01-30,Accept
31,2017-01-31 | 2017-02-01 | 2018-01-31,2017-01-31 | 2017-02-01 | 2018-01-31,Accept
32,2017-02-01 | 2017-02-02 | 2018-02-01,2017-02-01 | 2017-02-02 | 2018-02-01,Accept
33,2017-02-02 | 2017-02-03 | 2018-02-02,2017-02-02 | 2017-02-03 | 2018-02-02,Accept
34,2017-02-03 | 2017-02-04 | 2018-02-03,2017-02-03 | 2017-02-04 | 2018-02-03,Accept
35,2017-02-04 | 2017-02-05 | 2018-02-04,2017-02-04 | 2017-02-05 | 2018-02-04,Accept
36,2017-02-05 | 2017-02-06 | 2018-02-05,2017-02-05 | 2017-02-06 | 2018-02-05,Accept
37,2017-02-06 | 2017-02-07 | 2018-02-06,2017-02-06 | 2017-02-07 | 2018-02-06,Accept
38,2017-02-07 | 2017-02-08 | 2018-02-07,2017-02-07 | 2017-02-08 | 2018-02-07,Accept
39,2017-02-08 | 2017-02-09 | 2018-02-08,2017-02-08 | 2017-02-09 | 2018-02-08,Accept
40,2017-02-09 | 2017-02-10 | 2018-02-09,2017-02-09 | 2017-02-10 | 2018-02-09,Accept
41,2017-02-10 | 2017-02-11 | 2018-02-10,2017-02-10 | 2017-02-11 | 2018-02-10,Accept
42,2017-02-11 | 2017-02-12 | 2018-02-11,2017-02-11 | 2017-02-12 | 2018-02-11,Accept
43,2017-02-12 | 2017-02-13 | 2018-02-12,2017-02-12 | 2017-02-13 | 2018-02-12,Accept
44,2017-02-13 | 2017-02-14 | 2018-02-13,2017-02-13 | 2017-02-14 | 2018-02-13,Accept
45,2017-02-14 | 2017-02-15 | 2018-02-14,2017-02-14 | 2017-02-15 | 2018-02-14,Accept
46,2017-02-15 | 2017-02-16 | 2018-02-15,2017-02-15 | 2017-02-16 | 2018-02-15,Accept
47,2017-02-16 | 2017-02-17 | 2018-02-16,2017-02-16 | 2017-02-17 | 2018-02-16,Accept
48,2017-02-17 | 2017-02-18 | 2018-02-17,2017-02-17 | 2017-02-18 | 2018-02-17,Accept
49,2017-02-18 | 2017-02-19 | 2018-02-18,2017-02-18 | 2017-02-19 | 2018-02-18,Accept
50,2017-02-19 | 2017-02-20 | 2018-02-19,2017-02-19 | 2017-02-20 | 2018-02-19,Accept
51,2017-02-20 | 2017-02-21 | 2018-02-20,2017-02-20 | 2017-02-21 | 2018-02-20,Accept
52,2017-02-21 | 2017-02-22 | 2018-02-21,2017-02-21 | 2017-02-22 | 2018-02-21,Accept
53,2017-02-22 | 2017-02-23 | 2018-02-22,2017-02-22 | 2017-02-23 | 2018-02-22,Accept
54,2017-02-23 | 2017-02-24 | 2018-02-23,2017-02-23 | 2017-02-24 | 2018-02-23,Accept
55,2017-02-24 | 2017-02-25 | 2018-02-24,2017-02-24 | 2017-02-25 | 2018-02-24,Accept
56,2017-02-25 | 2017-02-26 | 2018-02-25,2017-02-25 | 2017-02-26 | 2018-02-25,Accept
57,2017-02-26 | 2017-02-27 | 2018-02-26,2017-02-26 | 2017-02-27 | 2018-02-26,Accept
58,2017-02-27 | 2017-02-28 | 2018-02-27,2017-02-27 | 2017-02-28 | 2018-02-27,Accept
59,2017-02-28 | 2017-03-01 | 2018-02-28,2017-02-28 | 2017-03-01 | 2018-02-28,Accept
60,2017-03-01 | 2017-03-02 | 2018-03-01,2017-03-01 | 2017-03-02 | 2018-03-01,Accept
61,2017-03-02 | 2017-03-03 | 2018-03-02,2017-03-02 | 2017-03-03 | 2018-03-02,Accept
62,2017-03-03 | 2017-03-04 | 2018-03-03,2017-03-03 | 2017-03-04 | 2018-03-03,Accept
63,2017-03-04 | 2017-03-05 | 2018-03-04,2017-03-04 | 2017-03-05 | 2018-03-04,Accept
64,2017-03-05 | 2017-03-06 | 2018-03-05,2017-03-05 | 2017-03-06 | 2018-03-05,Accept
65,2017-03-06 | 2017-03-07 | 2018-03-06,2017-03-06 | 2017-03-07 | 2018-03-06,Accept
66,2017-03-07 | 2017-03-08 | 2018-03-07,2017-03-07 | 2017-03-08 | 2018-03-07,Accept
67,2017-03-08 | 2017-03-09 | 2018-03-08,2017-03-08 | 2017-03-09 | 2018-03-08,Accept
68,2017-03-09 | 2017-03-10 | 2018-03-09,2017-03-09 | 2017-03-10 | 2018-03-09,Accept
69,2017-03-10 | 2017-03-11 | 2018-03-10,2017-03-10 | 2017-03-11 | 2018-03-10,Accept
70,2017-03-11 | 2017-03-12 | 2018-03-11,2017-03-11 | 2017-03-12 | 2018-03-11,Accept
71,2017-03-12 | 2017-03-13 | 2018-03-12,2017-03-12 | 2017-03-13 | 2018-03-12,Accept
72,2017-03-13 | 2017-03-14 | 2018-03-13,2017-03-13 | 2017-03-14 | 2018-03-13,Accept
73,2017-03-14 | 2017-03-15 | 2018-03-14,2017-03-14 | 2017-03-15 | 2018-03-14,Accept
74,2017-03-15 | 2017-03-16 | 2018-03-15,2017-03-15 | 2017-03-16 | 2018-03-15,Accept
75,2017-03-16 | 2017-03-17 | 2018-03-16,2017-03-16 | 2017-03-17 | 2018-03-16,Accept
76,2017-03-17 | 2017-03-18 | 2018-03-17,2017-03-17 | 2017-03-18 | 2018-03-17,Accept
77,2017-03-18 | 2017-03-19 | 2018-03-18,2017-03-18 | 2017-03-19 | 2018-03-18,Accept
78,2017-03-19 | 2017-03-20 | 2018-03-19,2017-03-19 | 2017-03-20 | 2018-03-19,Accept
79,2017-03-20 | 2017-03-21 | 2018-03-20,2017-03-20 | 2017-03-21 | 2018-03-20,Accept
80,2017-03-21 | 2017-03-22 | 2018-03-21,2017-03-21 | 2017-03-22 | 2018-03-21,Accept
81,2017-03-22 | 2017-03-23 | 2018-03-22,2017-03-22 | 2017-03-23 | 2018-03-22,Accept
82,2017-03-23 | 2017-03-24 | 2018-03-23,2017-03-23 | 2017-03-24 | 2018-03-23,Accept
83,2017-03-24 | 2017-03-25 | 2018-03-24,2017-03-24 | 2017-03-25 | 2018-03-24,Accept
84,2017-03-25 | 2017-03-26 | 2018-03-25,2017-03-25 | 2017-03-26 | 2018-03-25,Accept
85,2017-03-26 | 2017-03-27 | 2018-03-26,2017-03-26 | 2017-03-27 | 2018-03-26,Accept
86,2017-03-27 | 2017-03-28 | 2018-03-27,2017-03-27 | 2017-03-28 | 2018-03-27,Accept
87,2017-03-28 | 2017-03-29 | 2018-03-28,2017-03-28 | 2017-03-29 | 2018-03-28,Accept
88,2017-03-29 | 2017-03-30 | 2018-03-29,2017-03-29 | 2017-03-30 | 2018-03-29,Accept
89,2017-03-30 | 2017-03-31 | 2018-03-30,2017-03-30 | 2017-03-31 | 2018-03-30,Accept
90,2017-03-31 | 2017-04-01 | 2018-03-31,2017-03-31 | 2017-04-01 | 2018-03-31,Accept
91,2017-04-01 | 2017-04-02 | 2018-04-01,2017-04-01 | 2017-04-02 | 2018-04-01,Accept
92,2017-04-02 | 2017-04-03 | 2018-04-02,2017-04-02 | 2017-04-03 | 2018-04-02,Accept
93,2017-04-03 | 2017-04-04 | 2018-04-03,2017-04-03 | 2017-04-04 | 2018-04-03,Accept
94,2017-04-04 | 2017-04-05 | 2018-04-04,2017-04-04 | 2017-04-05 | 2018-04-04,Accept
95,2017-04-05 | 2017-04-06 | 2018-04-05,2017-04-05 | 2017-04-06 | 2018-04-05,Accept
96,2017-04-06 | 2017-04-07 | 2018-04-06,2017-04-06 | 2017-04-07 | 2018-04-06,Accept
97,2017-04-07 | 2017-04-08 | 2018-04-07,2017-04-07 | 2017-04-08 | 2018-04-07,Accept
98,2017-04-08 | 2017-04-09 | 2018-04-08,2017-04-08 | 2017-04-09 | 2018-04-08,Accept
99,2017-04-09 | 2017-04-10 | 2018-04-09,2017-04-09 | 2017-04-10 | 2018-04-09,Accept
100,2017-04-10 | 2017-04-11 | 2018-04-10,2017-04-10 | 2017-04-11 | 2018-04-10,Accept
101,2017-04-11 | 2017-04-12 | 2018-04-11,2017-04-11 | 2017-04-12 | 2018-04-11,Accept
102,2017-04-12 | 2017-04-13 | 2018-04-12,2017-04-12 | 2017-04-13 | 2018-04-12,Accept
103,2017-04-13 | 2017-04-14 | 2018-04-13,2017-04-13 | 2017-04-14 | 2018-04-13,Accept
104,2017-04-14 | 2017-04-15 | 2018-04-14,2017-04-14 | 2017-04-15 | 2018-04-14,Accept
105,2017-04-15 | 2017-04-16 | 2018-04-15,2017-04-15 | 2017-04-16 | 2018-04-15,Accept
106,2017-04-16 | 2017-04-17 | 2018-04-16,2017-04-16 | 2017-04-17 | 2018-04-16,Accept
107,2017-04-17 | 2017-04-18 | 2018-04-17,2017-04-17 | 2017-04-18 | 2018-04-17,Accept
108,2017-04-18 | 2017-04-19 | 2018-04-18,2017-04-18 | 2017-04-19 | 2018-04-18,Accept
109,2017-04-19 | 2017-04-20 | 2018-04-19,2017-04-19 | 2017-04-20 | 2018-04-19,Accept
110,2017-04-20 | 2017-04-21 | 2018-04-20,2017-04-20 | 2017-04-21 | 2018-04-20,Accept
111,2017-04-21 | 2017-04-22 | 2018-04-21,2017-04-21 | 2017-04-22 | 2018-04-21,Accept
112,2017-04-22 | 2017-04-23 | 2018-04-22,2017-04-22 | 2017-04-23 | 2018-04-22,Accept
113,2017-04-23 | 2017-04-24 | 2018-04-23,2017-04-23 | 2017-04-24 | 2018-04-23,Accept
114,2017-04-24 | 2017-04-25 | 2018-04-24,2017-04-24 | 2017-04-25 | 2018-04-24,Accept
115,2017-04-25 | 2017-04-26 | 2018-04-25,2017-04-25 | 2017-04-26 | 2018-04-25,Accept
116,2017-04-26 | 2017-04-27 | 2018-04-26,2017-04-26 | 2017-04-27 | 2018-04-26,Accept
117,2017-04-27 | 2017-04-28 | 2018-04-27,2017-04-27 | 2017-04-28 | 2018-04-27,Accept
118,2017-04-28 | 2017-04-29 | 2018-04-28,2017-04-28 | 2017-04-29 | 2018-04-28,Accept
119,2017-04-29 | 2017-04-30 | 2018-04-29,2017-04-29 | 2017-04-30 | 2018-04-29,Accept
120,2017-04-30 | 2017-05-01 | 2018-04-30,2017-04-30 | 2017-05-01 | 2018-04-30,Accept
121,2017-05-01 | 2017-05-02 | 2018-05-01,2017-05-01 | 2017-05-02 | 2018-05-01,Accept
122,2017-05-02 | 2017-05-03 | 2018-05-02,2017-05-02 | 2017-05-03 | 2018-05-02,Accept
123,2017-05-03 | 2017-05-04 | 2018-05-03,2017-05-03 | 2017-05-04 | 2018-05-03,Accept
124,2017-05-04 | 2017-05-05 | 2018-05-04,2017-05-04 | 2017-05-05 | 2018-05-04,Accept
125,2017-05-05 | 2017-05-06 | 2018-05-05,2017-05-05 | 2017-05-06 | 2018-05-05,Accept
126,2017-05-06 | 2017-05-07 | 2018-05-06,2017-05-06 | 2017-05-07 | 2018-05-06,Accept
127,2017-05-07 | 2017-05-08 | 2018-05-07,2017-05-07 | 2017-05-08 | 2018-05-07,Accept
128,2017-05-08 | 2017-05-09 | 2018-05-08,2017-05-08 | 2017-05-09 | 2018-05-08,Accept
129,2017-05-09 | 2017-05-10 | 2018-05-09,2017-05-09 | 2017-05-10 | 2018-05-09,Accept
130,2017-05-10 | 2017-05-11 | 2018-05-10,2017-05-10 | 2017-05-11 | 2018-05-10,Accept
131,2017-05-11 | 2017-05-12 | 2018-05-11,2017-05-11 | 2017-05-12 | 2018-05-11,Accept
132,2017-05-12 | 2017-05-13 | 2018-05-12,2017-05-12 | 2017-05-13 | 2018-05-12,Accept
133,2017-05-13 | 2017-05-14 | 2018-05-13,2017-05-13 | 2017-05-14 | 2018-05-13,Accept
134,2017-05-14 | 2017-05-15 | 2018-05-14,2017-05-14 | 2017-05-15 | 2018-05-14,Accept
135,2017-05-15 | 2017-05-16 | 2018-05-15,2017-05-15 | 2017-05-16 | 2018-05-15,Accept
136,2017-05-16 | 2017-05-17 | 2018-05-16,2017-05-16 | 2017-05-17 | 2018-05-16,Accept
137,2017-05-17 | 2017-05-18 | 2018-05-17,2017-05-17 | 2017-05-18 | 2018-05-17,Accept
138,2017-05-18 | 2017-05-19 | 2018-05-18,2017-05-18 | 2017-05-19 | 2018-05-18,Accept
139,2017-05-19 | 2017-05-20 | 2018-05-19,2017-05-19 | 2017-05-20 | 2018-05-19,Accept
140,2017-05-20 | 2017-05-21 | 2018-05-20,2017-05-20 | 2017-05-21 | 2018-05-20,Accept
141,2017-05-21 | 2017-05-22 | 2018-05-21,2017-05-21 | 2017-05-22 | 2018-05-21,Accept
142,2017-05-22 | 2017-05-23 | 2018-05-22,2017-05-22 | 2017-05-23 | 2018-05-22,Accept
143,2017-05-23 | 2017-05-24 | 2018-05-23,2017-05-23 | 2017-05-24 | 2018-05-23,Accept
144,2017-05-24 | 2017-05-25 | 2018-05-24,2017-05-24 | 2017-05-25 | 2018-05-24,Accept
145,2017-05-25 | 2017-05-26 | 2018-05-25,2017-05-25 | 2017-05-26 | 2018-05-25,Accept
146,2017-05-26 | 2017-05-27 | 2018-05-26,2017-05-26 | 2017-05-27 | 2018-05-26,Accept
147,2017-05-27 | 2017-05-28 | 2018-05-27,2017-05-27 | 2017-05-28 | 2018-05-27,Accept
148,2017-05-28 | 2017-05-29 | 2018-05-28,2017-05-28 | 2017-05-29 | 2018-05-28,Accept
149,2017-05-29 | 2017-05-30 | 2018-05-29,2017-05-29 | 2017-05-30 | 2018-05-29,Accept
150,2017-05-30 | 2017-05-31 | 2018-05-30,2017-05-30 | 2017-05-31 | 2018-05-30,Accept
151,2017-05-31 | 2017-06-01 | 2018-05-31,2017-05-31 | 2017-06-01 | 2018-05-31,Accept
152,2017-06-01 | 2017-06-02 | 2018-06-01,2017-06-01 | 2017-06-02 | 2018-06-01,Accept
153,2017-06-02 | 2017-06-03 | 2018-06-02,2017-06-02 | 2017-06-03 | 2018-06-02,Accept
154,2017-06-03 | 2017-06-04 | 2018-06-03,2017-06-03 | 2017-06-04 | 2018-06-03,Accept
155,2017-06-04 | 2017-06-05 | 2018-06-04,2017-06-04 | 2017-06-05 | 2018-06-04,Accept
156,2017-06-05 | 2017-06-06 | 2018-06-05,2017-06-05 | 2017-06-06 | 2018-06-05,Accept
157,2017-06-06 | 2017-06-07 | 2018-06-06,2017-06-06 | 2017-06-07 | 2018-06-06,Accept
158,2017-06-07 | 2017-06-08 | 2018-06-07,2017-06-07 | 2017-06-08 | 2018-06-07,Accept
159,2017-06-08 | 2017-06-09 | 2018-06-08,2017-06-08 | 2017-06-09 | 2018-06-08,Accept
160,2017-06-09 | 2017-06-10 | 2018-06-09,2017-06-09 | 2017-06-10 | 2018-06-09,Accept
161,2017-06-10 | 2017-06-11 | 2018-06-10,2017-06-10 | 2017-06-11 | 2018-06-10,Accept
162,2017-06-11 | 2017-06-12 | 2018-06-11,2017-06-11 | 2017-06-12 | 2018-06-11,Accept
163,2017-06-12 | 2017-06-13 | 2018-06-12,2017-06-12 | 2017-06-13 | 2018-06-12,Accept
164,2017-06-13 | 2017-06-14 | 2018-06-13,2017-06-13 | 2017-06-14 | 2018-06-13,Accept
165,2017-06-14 | 2017-06-15 | 2018-06-14,2017-06-14 | 2017-06-15 | 2018-06-14,Accept
166,2017-06-15 | 2017-06-16 | 2018-06-15,2017-06-15 | 2017-06-16 | 2018-06-15,Accept
167,2017-06-16 | 2017-06-17 | 2018-06-16,2017-06-16 | 2017-06-17 | 2018-06-16,Accept
168,2017-06-17 | 2017-06-18 | 2018-06-17,2017-06-17 | 2017-06-18 | 2018-06-17,Accept
169,2017-06-18 | 2017-06-19 | 2018-06-18,2017-06-18 | 2017-06-19 | 2018-06-18,Accept
170,2017-06-19 | 2017-06-20 | 2018-06-19,2017-06-19 | 2017-06-20 | 2018-06-19,Accept
171,2017-06-20 | 2017-06-21 | 2018-06-20,2017-06-20 | 2017-06-21 | 2018-06-20,Accept
172,2017-06-21 | 2017-06-22 | 2018-06-21,2017-06-21 | 2017-06-22 | 2018-06-21,Accept
173,2017-06-22 | 2017-06-23 | 2018-06-22,2017-06-22 | 2017-06-23 | 2018-06-22,Accept
174,2017-06-23 | 2017-06-24 | 2018-06-23,2017-06-23 | 2017-06-24 | 2018-06-23,Accept
175,2017-06-24 | 2017-06-25 | 2018-06-24,2017-06-24 | 2017-06-25 | 2018-06-24,Accept
176,2017-06-25 | 2017-06-26 | 2018-06-25,2017-06-25 | 2017-06-26 | 2018-06-25,Accept
177,2017-06-26 | 2017-06-27 | 2018-06-26,2017-06-26 | 2017-06-27 | 2018-06-26,Accept
178,2017-06-27 | 2017-06-28 | 2018-06-27,2017-06-27 | 2017-06-28 | 2018-06-27,Accept
179,2017-06-28 | 2017-06-29 | 2018-06-28,2017-06-28 | 2017-06-29 | 2018-06-28,Accept
180,2017-06-29 | 2017-06-30 | 2018-06-29,2017-06-29 | 2017-06-30 | 2018-06-29,Accept
181,2017-06-30 | 2017-07-01 | 2018-06-30,2017-06-30 | 2017-07-01 | 2018-06-30,Accept
182,2017-07-01 | 2017-07-02 | 2018-07-01,2017-07-01 | 2017-07-02 | 2018-07-01,Accept
183,2017-07-02 | 2017-07-03 | 2018-07-02,2017-07-02 | 2017-07-03 | 2018-07-02,Accept
184,2017-07-03 | 2017-07-04 | 2018-07-03,2017-07-03 | 2017-07-04 | 2018-07-03,Accept
185,2017-07-04 | 2017-07-05 | 2018-07-04,2017-07-04 | 2017-07-05 | 2018-07-04,Accept
186,2017-07-05 | 2017-07-06 | 2018-07-05,2017-07-05 | 2017-07-06 | 2018-07-05,Accept
187,2017-07-06 | 2017-07-07 | 2018-07-06,2017-07-06 | 2017-07-07 | 2018-07-06,Accept
188,2017-07-07 | 2017-07-08 | 2018-07-07,2017-07-07 | 2017-07-08 | 2018-07-07,Accept
189,2017-07-08 | 2017-07-09 | 2018-07-08,2017-07-08 | 2017-07-09 | 2018-07-08,Accept
190,2017-07-09 | 2017-07-10 | 2018-07-09,2017-07-09 | 2017-07-10 | 2018-07-09,Accept
191,2017-07-10 | 2017-07-11 | 2018-07-10,2017-07-10 | 2017-07-11 | 2018-07-10,Accept
192,2017-07-11 | 2017-07-12 | 2018-07-11,2017-07-11 | 2017-07-12 | 2018-07-11,Accept
193,2017-07-12 | 2017-07-13 | 2018-07-12,2017-07-12 | 2017-07-13 | 2018-07-12,Accept
194,2017-07-13 | 2017-07-14 | 2018-07-13,2017-07-13 | 2017-07-14 | 2018-07-13,Accept
195,2017-07-14 | 2017-07-15 | 2018-07-14,2017-07-14 | 2017-07-15 | 2018-07-14,Accept
196,2017-07-15 | 2017-07-16 | 2018-07-15,2017-07-15 | 2017-07-16 | 2018-07-15,Accept
197,2017-07-16 | 2017-07-17 | 2018-07-16,2017-07-16 | 2017-07-17 | 2018-07-16,Accept
198,2017-07-17 | 2017-07-18 | 2018-07-17,2017-07-17 | 2017-07-18 | 2018-07-17,Accept
199,2017-07-18 | 2017-07-19 | 2018-07-18,2017-07-18 | 2017-07-19 | 2018-07-18,Accept
200,2017-07-19 | 2017-07-20 | 2018-07-19,2017-07-19 | 2017-07-20 | 2018-07-19,Accept
201,2017-07-20 | 2017-07-21 | 2018-07-20,2017-07-20 | 2017-07-21 | 2018-07-20,Accept
202,2017-07-21 | 2017-07-22 | 2018-07-21,2017-07-21 | 2017-07-22 | 2018-07-21,Accept
203,2017-07-22 | 2017-07-23 | 2018-07-22,2017-07-22 | 2017-07-23 | 2018-07-22,Accept
204,2017-07-23 | 2017-07-24 | 2018-07-23,2017-07-23 | 2017-07-24 | 2018-07-23,Accept
205,2017-07-24 | 2017-07-25 | 2018-07-24,2017-07-24 | 2017-07-25 | 2018-07-24,Accept
206,2017-07-25 | 2017-07-26 | 2018-07-25,2017-07-25 | 2017-07-26 | 2018-07-25,Accept
207,2017-07-26 | 2017-07-27 | 2018-07-26,2017-07-26 | 2017-07-27 | 2018-07-26,Accept
208,2017-07-27 | 2017-07-28 | 2018-07-27,2017-07-27 | 2017-07-28 | 2018-07-27,Accept
209,2017-07-28 | 2017-07-29 | 2018-07-28,2017-07-28 | 2017-07-29 | 2018-07-28,Accept
210,2017-07-29 | 2017-07-30 | 2018-07-29,2017-07-29 | 2017-07-30 | 2018-07-29,Accept
211,2017-07-30 | 2017-07-31 | 2018-07-30,2017-07-30 | 2017-07-31 | 2018-07-30,Accept
212,2017-07-31 | 2017-08-01 | 2018-07-31,2017-07-31 | 2017-08-01 | 2018-07-31,Accept
213,2017-08-01 | 2017-08-02 | 2018-08-01,2017-08-01 | 2017-08-02 | 2018-08-01,Accept
214,2017-08-02 | 2017-08-03 | 2018-08-02,2017-08-02 | 2017-08-03 | 2018-08-02,Accept
215,2017-08-03 | 2017-08-04 | 2018-08-03,2017-08-03 | 2017-08-04 | 2018-08-03,Accept
216,2017-08-04 | 2017-08-05 | 2018-08-04,2017-08-04 | 2017-08-05 | 2018-08-04,Accept
217,2017-08-05 | 2017-08-06 | 2018-08-05,2017-08-05 | 2017-08-06 | 2018-08-05,Accept
218,2017-08-06 | 2017-08-07 | 2018-08-06,2017-08-06 | 2017-08-07 | 2018-08-06,Accept
219,2017-08-07 | 2017-08-08 | 2018-08-07,2017-08-07 | 2017-08-08 | 2018-08-07,Accept
220,2017-08-08 | 2017-08-09 | 2018-08-08,2017-08-08 | 2017-08-09 | 2018-08-08,Accept
221,2017-08-09 | 2017-08-10 | 2018-08-09,2017-08-09 | 2017-08-10 | 2018-08-09,Accept
222,2017-08-10 | 2017-08-11 | 2018-08-10,2017-08-10 | 2017-08-11 | 2018-08-10,Accept
223,2017-08-11 | 2017-08-12 | 2018-08-11,2017-08-11 | 2017-08-12 | 2018-08-11,Accept
224,2017-08-12 | 2017-08-13 | 2018-08-12,2017-08-12 | 2017-08-13 | 2018-08-12,Accept
225,2017-08-13 | 2017-08-14 | 2018-08-13,2017-08-13 | 2017-08-14 | 2018-08-13,Accept
226,2017-08-14 | 2017-08-15 | 2018-08-14,2017-08-14 | 2017-08-15 | 2018-08-14,Accept
227,2017-08-15 | 2017-08-16 | 2018-08-15,2017-08-15 | 2017-08-16 | 2018-08-15,Accept
228,2017-08-16 | 2017-08-17 | 2018-08-16,2017-08-16 | 2017-08-17 | 2018-08-16,Accept
229,2017-08-17 | 2017-08-18 | 2018-08-17,2017-08-17 | 2017-08-18 | 2018-08-17,Accept
230,2017-08-18 | 2017-08-19 | 2018-08-18,2017-08-18 | 2017-08-19 | 2018-08-18,Accept
231,2017-08-19 | 2017-08-20 | 2018-08-19,2017-08-19 | 2017-08-20 | 2018-08-19,Accept
232,2017-08-20 | 2017-08-21 | 2018-08-20,2017-08-20 | 2017-08-21 | 2018-08-20,Accept
233,2017-08-21 | 2017-08-22 | 2018-08-21,2017-08-21 | 2017-08-22 | 2018-08-21,Accept
234,2017-08-22 | 2017-08-23 | 2018-08-22,2017-08-22 | 2017-08-23 | 2018-08-22,Accept
235,2017-08-23 | 2017-08-24 | 2018-08-23,2017-08-23 | 2017-08-24 | 2018-08-23,Accept
236,2017-08-24 | 2017-08-25 | 2018-08-24,2017-08-24 | 2017-08-25 | 2018-08-24,Accept
237,2017-08-25 | 2017-08-26 | 2018-08-25,2017-08-25 | 2017-08-26 | 2018-08-25,Accept
238,2017-08-26 | 2017-08-27 | 2018-08-26,2017-08-26 | 2017-08-27 | 2018-08-26,Accept
239,2017-08-27 | 2017-08-28 | 2018-08-27,2017-08-27 | 2017-08-28 | 2018-08-27,Accept
240,2017-08-28 | 2017-08-29 | 2018-08-28,2017-08-28 | 2017-08-29 | 2018-08-28,Accept
241,2017-08-29 | 2017-08-30 | 2018-08-29,2017-08-29 | 2017-08-30 | 2018-08-29,Accept
242,2017-08-30 | 2017-08-31 | 2018-08-30,2017-08-30 | 2017-08-31 | 2018-08-30,Accept
243,2017-08-31 | 2017-09-01 | 2018-08-31,2017-08-31 | 2017-09-01 | 2018-08-31,Accept
244,2017-09-01 | 2017-09-02 | 2018-09-01,2017-09-01 | 2017-09-02 | 2018-09-01,Accept
245,2017-09-02 | 2017-09-03 | 2018-09-02,2017-09-02 | 2017-09-03 | 2018-09-02,Accept
246,2017-09-03 | 2017-09-04 | 2018-09-03,2017-09-03 | 2017-09-04 | 2018-09-03,Accept
247,2017-09-04 | 2017-09-05 | 2018-09-04,2017-09-04 | 2017-09-05 | 2018-09-04,Accept
248,2017-09-05 | 2017-09-06 | 2018-09-05,2017-09-05 | 2017-09-06 | 2018-09-05,Accept
249,2017-09-06 | 2017-09-07 | 2018-09-06,2017-09-06 | 2017-09-07 | 2018-09-06,Accept
250,2017-09-07 | 2017-09-08 | 2018-09-07,2017-09-07 | 2017-09-08 | 2018-09-07,Accept
251,2017-09-08 | 2017-09-09 | 2018-09-08,2017-09-08 | 2017-09-09 | 2018-09-08,Accept
252,2017-09-09 | 2017-09-10 | 2018-09-09,2017-09-09 | 2017-09-10 | 2018-09-09,Accept
253,2017-09-10 | 2017-09-11 | 2018-09-10,2017-09-10 | 2017-09-11 | 2018-09-10,Accept
254,2017-09-11 | 2017-09-12 | 2018-09-11,2017-09-11 | 2017-09-12 | 2018-09-11,Accept
255,2017-09-12 | 2017-09-13 | 2018-09-12,2017-09-12 | 2017-09-13 | 2018-09-12,Accept
256,2017-09-13 | 2017-09-14 | 2018-09-13,2017-09-13 | 2017-09-14 | 2018-09-13,Accept
257,2017-09-14 | 2017-09-15 | 2018-09-14,2017-09-14 | 2017-09-15 | 2018-09-14,Accept
258,2017-09-15 | 2017-09-16 | 2018-09-15,2017-09-15 | 2017-09-16 | 2018-09-15,Accept
259,2017-09-16 | 2017-09-17 | 2018-09-16,2017-09-16 | 2017-09-17 | 2018-09-16,Accept
260,2017-09-17 | 2017-09-18 | 2018-09-17,2017-09-17 | 2017-09-18 | 2018-09-17,Accept
261,2017-09-18 | 2017-09-19 | 2018-09-18,2017-09-18 | 2017-09-19 | 2018-09-18,Accept
262,2017-09-19 | 2017-09-20 | 2018-09-19,2017-09-19 | 2017-09-20 | 2018-09-19,Accept
263,2017-09-20 | 2017-09-21 | 2018-09-20,2017-09-20 | 2017-09-21 | 2018-09-20,Accept
264,2017-09-21 | 2017-09-22 | 2018-09-21,2017-09-21 | 2017-09-22 | 2018-09-21,Accept
265,2017-09-22 | 2017-09-23 | 2018-09-22,2017-09-22 | 2017-09-23 | 2018-09-22,Accept
266,2017-09-23 | 2017-09-24 | 2018-09-23,2017-09-23 | 2017-09-24 | 2018-09-23,Accept
267,2017-09-24 | 2017-09-25 | 2018-09-24,2017-09-24 | 2017-09-25 | 2018-09-24,Accept
268,2017-09-25 | 2017-09-26 | 2018-09-25,2017-09-25 | 2017-09-26 | 2018-09-25,Accept
269,2017-09-26 | 2017-09-27 | 2018-09-26,2017-09-26 | 2017-09-27 | 2018-09-26,Accept
270,2017-09-27 | 2017-09-28 | 2018-09-27,2017-09-27 | 2017-09-28 | 2018-09-27,Accept
271,2017-09-28 | 2017-09-29 | 2018-09-28,2017-09-28 | 2017-09-29 | 2018-09-28,Accept
272,2017-09-29 | 2017-09-30 | 2018-09-29,2017-09-29 | 2017-09-30 | 2018-09-29,Accept
273,2017-09-30 | 2017-10-01 | 2018-09-30,2017-09-30 | 2017-10-01 | 2018-09-30,Accept
274,2017-10-01 | 2017-10-02 | 2018-10-01,2017-10-01 | 2017-10-02 | 2018-10-01,Accept
275,2017-10-02 | 2017-10-03 | 2018-10-02,2017-10-02 | 2017-10-03 | 2018-10-02,Accept
276,2017-10-03 | 2017-10-04 | 2018-10-03,2017-10-03 | 2017-10-04 | 2018-10-03,Accept
277,2017-10-04 | 2017-10-05 | 2018-10-04,2017-10-04 | 2017-10-05 | 2018-10-04,Accept
278,2017-10-05 | 2017-10-06 | 2018-10-05,2017-10-05 | 2017-10-06 | 2018-10-05,Accept
279,2017-10-06 | 2017-10-07 | 2018-10-06,2017-10-06 | 2017-10-07 | 2018-10-06,Accept
280,2017-10-07 | 2017-10-08 | 2018-10-07,2017-10-07 | 2017-10-08 | 2018-10-07,Accept
281,2017-10-08 | 2017-10-09 | 2018-10-08,2017-10-08 | 2017-10-09 | 2018-10-08,Accept
282,2017-10-09 | 2017-10-10 | 2018-10-09,2017-10-09 | 2017-10-10 | 2018-10-09,Accept
283,2017-10-10 | 2017-10-11 | 2018-10-10,2017-10-10 | 2017-10-11 | 2018-10-10,Accept
284,2017-10-11 | 2017-10-12 | 2018-10-11,2017-10-11 | 2017-10-12 | 2018-10-11,Accept
285,2017-10-12 | 2017-10-13 | 2018-10-12,2017-10-12 | 2017-10-13 | 2018-10-12,Accept
286,2017-10-13 | 2017-10-14 | 2018-10-13,2017-10-13 | 2017-10-14 | 2018-10-13,Accept
287,2017-10-14 | 2017-10-15 | 2018-10-14,2017-10-14 | 2017-10-15 | 2018-10-14,Accept
288,2017-10-15 | 2017-10-16 | 2018-10-15,2017-10-15 | 2017-10-16 | 2018-10-15,Accept
289,2017-10-16 | 2017-10-17 | 2018-10-16,2017-10-16 | 2017-10-17 | 2018-10-16,Accept
290,2017-10-17 | 2017-10-18 | 2018-10-17,2017-10-17 | 2017-10-18 | 2018-10-17,Accept
291,2017-10-18 | 2017-10-19 | 2018-10-18,2017-10-18 | 2017-10-19 | 2018-10-18,Accept
292,2017-10-19 | 2017-10-20 | 2018-10-19,2017-10-19 | 2017-10-20 | 2018-10-19,Accept
293,2017-10-20 | 2017-10-21 | 2018-10-20,2017-10-20 | 2017-10-21 | 2018-10-20,Accept
294,2017-10-21 | 2017-10-22 | 2018-10-21,2017-10-21 | 2017-10-22 | 2018-10-21,Accept
295,2017-10-22 | 2017-10-23 | 2018-10-22,2017-10-22 | 2017-10-23 | 2018-10-22,Accept
296,2017-10-23 | 2017-10-24 | 2018-10-23,2017-10-23 | 2017-10-24 | 2018-10-23,Accept
297,2017-10-24 | 2017-10-25 | 2018-10-24,2017-10-24 | 2017-10-25 | 2018-10-24,Accept
298,2017-10-25 | 2017-10-26 | 2018-10-25,2017-10-25 | 2017-10-26 | 2018-10-25,Accept
299,2017-10-26 | 2017-10-27 | 2018-10-26,2017-10-26 | 2017-10-27 | 2018-10-26,Accept
300,2017-10-27 | 2017-10-28 | 2018-10-27,2017-10-27 | 2017-10-28 | 2018-10-27,Accept
301,2017-10-28 | 2017-10-29 | 2018-10-28,2017-10-28 | 2017-10-29 | 2018-10-28,Accept
302,2017-10-29 | 2017-10-30 | 2018-10-29,2017-10-29 | 2017-10-30 | 2018-10-29,Accept
303,2017-10-30 | 2017-10-31 | 2018-10-30,2017-10-30 | 2017-10-31 | 2018-10-30,Accept
304,2017-10-31 | 2017-11-01 | 2018-10-31,2017-10-31 | 2017-11-01 | 2018-10-31,Accept
305,2017-11-01 | 2017-11-02 | 2018-11-01,2017-11-01 | 2017-11-02 | 2018-11-01,Accept
306,2017-11-02 | 2017-11-03 | 2018-11-02,2017-11-02 | 2017-11-03 | 2018-11-02,Accept
307,2017-11-03 | 2017-11-04 | 2018-11-03,2017-11-03 | 2017-11-04 | 2018-11-03,Accept
308,2017-11-04 | 2017-11-05 | 2018-11-04,2017-11-04 | 2017-11-05 | 2018-11-04,Accept
309,2017-11-05 | 2017-11-06 | 2018-11-05,2017-11-05 | 2017-11-06 | 2018-11-05,Accept
310,2017-11-06 | 2017-11-07 | 2018-11-06,2017-11-06 | 2017-11-07 | 2018-11-06,Accept
311,2017-11-07 | 2017-11-08 | 2018-11-07,2017-11-07 | 2017-11-08 | 2018-11-07,Accept
312,2017-11-08 | 2017-11-09 | 2018-11-08,2017-11-08 | 2017-11-09 | 2018-11-08,Accept
313,2017-11-09 | 2017-11-10 | 2018-11-09,2017-11-09 | 2017-11-10 | 2018-11-09,Accept
314,2017-11-10 | 2017-11-11 | 2018-11-10,2017-11-10 | 2017-11-11 | 2018-11-10,Accept
315,2017-11-11 | 2017-11-12 | 2018-11-11,2017-11-11 | 2017-11-12 | 2018-11-11,Accept
316,2017-11-12 | 2017-11-13 | 2018-11-12,2017-11-12 | 2017-11-13 | 2018-11-12,Accept
317,2017-11-13 | 2017-11-14 | 2018-11-13,2017-11-13 | 2017-11-14 | 2018-11-13,Accept
318,2017-11-14 | 2017-11-15 | 2018-11-14,2017-11-14 | 2017-11-15 | 2018-11-14,Accept
319,2017-11-15 | 2017-11-16 | 2018-11-15,2017-11-15 | 2017-11-16 | 2018-11-15,Accept
320,2017-11-16 | 2017-11-17 | 2018-11-16,2017-11-16 | 2017-11-17 | 2018-11-16,Accept
321,2017-11-17 | 2017-11-18 | 2018-11-17,2017-11-17 | 2017-11-18 | 2018-11-17,Accept
322,2017-11-18 | 2017-11-19 | 2018-11-18,2017-11-18 | 2017-11-19 | 2018-11-18,Accept
323,2017-11-19 | 2017-11-20 | 2018-11-19,2017-11-19 | 2017-11-20 | 2018-11-19,Accept
324,2017-11-20 | 2017-11-21 | 2018-11-20,2017-11-20 | 2017-11-21 | 2018-11-20,Accept
325,2017-11-21 | 2017-11-22 | 2018-11-21,2017-11-21 | 2017-11-22 | 2018-11-21,Accept
326,2017-11-22 | 2017-11-23 | 2018-11-22,2017-11-22 | 2017-11-23 | 2018-11-22,Accept
327,2017-11-23 | 2017-11-24 | 2018-11-23,2017-11-23 | 2017-11-24 | 2018-11-23,Accept
328,2017-11-24 | 2017-11-25 | 2018-11-24,2017-11-24 | 2017-11-25 | 2018-11-24,Accept
329,2017-11-25 | 2017-11-26 | 2018-11-25,2017-11-25 | 2017-11-26 | 2018-11-25,Accept
330,2017-11-26 | 2017-11-27 | 2018-11-26,2017-11-26 | 2017-11-27 | 2018-11-26,Accept
331,2017-11-27 | 2017-11-28 | 2018-11-27,2017-11-27 | 2017-11-28 | 2018-11-27,Accept
332,2017-11-28 | 2017-11-29 | 2018-11-28,2017-11-28 | 2017-11-29 | 2018-11-28,Accept
333,2017-11-29 | 2017-11-30 | 2018-11-29,2017-11-29 | 2017-11-30 | 2018-11-29,Accept
334,2017-11-30 | 2017-12-01 | 2018-11-30,2017-11-30 | 2017-12-01 | 2018-11-30,Accept
335,2017-12-01 | 2017-12-02 | 2018-12-01,2017-12-01 | 2017-12-02 | 2018-12-01,Accept
336,2017-12-02 | 2017-12-03 | 2018-12-02,2017-12-02 | 2017-12-03 | 2018-12-02,Accept
337,2017-12-03 | 2017-12-04 | 2018-12-03,2017-12-03 | 2017-12-04 | 2018-12-03,Accept
338,2017-12-04 | 2017-12-05 | 2018-12-04,2017-12-04 | 2017-12-05 | 2018-12-04,Accept
339,2017-12-05 | 2017-12-06 | 2018-12-05,2017-12-05 | 2017-12-06 | 2018-12-05,Accept
340,2017-12-06 | 2017-12-07 | 2018-12-06,2017-12-06 | 2017-12-07 | 2018-12-06,Accept
341,2017-12-07 | 2017-12-08 | 2018-12-07,2017-12-07 | 2017-12-08 | 2018-12-07,Accept
342,2017-12-08 | 2017-12-09 | 2018-12-08,2017-12-08 | 2017-12-09 | 2018-12-08,Accept
343,2017-12-09 | 2017-12-10 | 2018-12-09,2017-12-09 | 2017-12-10 | 2018-12-09,Accept
344,2017-12-10 | 2017-12-11 | 2018-12-10,2017-12-10 | 2017-12-11 | 2018-12-10,Accept
345,2017-12-11 | 2017-12-12 | 2018-12-11,2017-12-11 | 2017-12-12 | 2018-12-11,Accept
346,2017-12-12 | 2017-12-13 | 2018-12-12,2017-12-12 | 2017-12-13 | 2018-12-12,Accept
347,2017-12-13 | 2017-12-14 | 2018-12-13,2017-12-13 | 2017-12-14 | 2018-12-13,Accept
348,2017-12-14 | 2017-12-15 | 2018-12-14,2017-12-14 | 2017-12-15 | 2018-12-14,Accept
349,2017-12-15 | 2017-12-16 | 2018-12-15,2017-12-15 | 2017-12-16 | 2018-12-15,Accept
350,2017-12-16 | 2017-12-17 | 2018-12-16,2017-12-16 | 2017-12-17 | 2018-12-16,Accept
351,2017-12-17 | 2017-12-18 | 2018-12-17,2017-12-17 | 2017-12-18 | 2018-12-17,Accept
352,2017-12-18 | 2017-12-19 | 2018-12-18,2017-12-18 | 2017-12-19 | 2018-12-18,Accept
353,2017-12-19 | 2017-12-20 | 2018-12-19,2017-12-19 | 2017-12-20 | 2018-12-19,Accept
354,2017-12-20 | 2017-12-21 | 2018-12-20,2017-12-20 | 2017-12-21 | 2018-12-20,Accept
355,2017-12-21 | 2017-12-22 | 2018-12-21,2017-12-21 | 2017-12-22 | 2018-12-21,Accept
356,2017-12-22 | 2017-12-23 | 2018-12-22,2017-12-22 | 2017-12-23 | 2018-12-22,Accept
357,2017-12-23 | 2017-12-24 | 2018-12-23,2017-12-23 | 2017-12-24 | 2018-12-23,Accept
358,2017-12-24 | 2017-12-25 | 2018-12-24,2017-12-24 | 2017-12-25 | 2018-12-24,Accept
359,2017-12-25 | 2017-12-26 | 2018-12-25,2017-12-25 | 2017-12-26 | 2018-12-25,Accept
360,2017-12-26 | 2017-12-27 | 2018-12-26,2017-12-26 | 2017-12-27 | 2018-12-26,Accept
361,2017-12-27 | 2017-12-28 | 2018-12-27,2017-12-27 | 2017-12-28 | 2018-12-27,Accept
362,2017-12-28 | 2017-12-29 | 2018-12-28,2017-12-28 | 2017-12-29 | 2018-12-28,Accept
363,2017-12-29 | 2017-12-30 | 2018-12-29,2017-12-29 | 2017-12-30 | 2018-12-29,Accept
364,2017-12-30 | 2017-12-31 | 2018-12-30,2017-12-30 | 2017-12-31 | 2018-12-30,Accept
365,2017-12-31 | 2018-01-01 | 2018-12-31,2017-12-31 | 2018-01-01 | 2018-12-31,Accept
366,2018-01-01 | 2018-01-02 | 2019-01-01,2018-01-01 | 2018-01-02 | 2019-01-01,Accept
367,2018-01-02 | 2018-01-03 | 2019-01-02,2018-01-02 | 2018-01-03 | 2019-01-02,Accept
368,2018-01-03 | 2018-01-04 | 2019-01-03,2018-01-03 | 2018-01-04 | 2019-01-03,Accept
369,2018-01-04 | 2018-01-05 | 2019-01-04,2018-01-04 | 2018-01-05 | 2019-01-04,Accept
370,2018-01-05 | 2018-01-06 | 2019-01-05,2018-01-05 | 2018-01-06 | 2019-01-05,Accept
371,2018-01-06 | 2018-01-07 | 2019-01-06,2018-01-06 | 2018-01-07 | 2019-01-06,Accept
372,2018-01-07 | 2018-01-08 | 2019-01-07,2018-01-07 | 2018-01-08 | 2019-01-07,Accept
373,2018-01-08 | 2018-01-09 | 2019-01-08,2018-01-08 | 2018-01-09 | 2019-01-08,Accept
374,2018-01-09 | 2018-01-10 | 2019-01-09,2018-01-09 | 2018-01-10 | 2019-01-09,Accept
375,2018-01-10 | 2018-01-11 | 2019-01-10,2018-01-10 | 2018-01-11 | 2019-01-10,Accept
376,2018-01-11 | 2018-01-12 | 2019-01-11,2018-01-11 | 2018-01-12 | 2019-01-11,Accept
377,2018-01-12 | 2018-01-13 | 2019-01-12,2018-01-12 | 2018-01-13 | 2019-01-12,Accept
378,2018-01-13 | 2018-01-14 | 2019-01-13,2018-01-13 | 2018-01-14 | 2019-01-13,Accept
379,2018-01-14 | 2018-01-15 | 2019-01-14,2018-01-14 | 2018-01-15 | 2019-01-14,Accept
380,2018-01-15 | 2018-01-16 | 2019-01-15,2018-01-15 | 2018-01-16 | 2019-01-15,Accept
381,2018-01-16 | 2018-01-17 | 2019-01-16,2018-01-16 | 2018-01-17 | 2019-01-16,Accept
382,2018-01-17 | 2018-01-18 | 2019-01-17,2018-01-17 | 2018-01-18 | 2019-01-17,Accept
383,2018-01-18 | 2018-01-19 | 2019-01-18,2018-01-18 | 2018-01-19 | 2019-01-18,Accept
384,2018-01-19 | 2018-01-20 | 2019-01-19,2018-01-19 | 2018-01-20 | 2019-01-19,Accept
385,2018-01-20 | 2018-01-21 | 2019-01-20,2018-01-20 | 2018-01-21 | 2019-01-20,Accept
386,2018-01-21 | 2018-01-22 | 2019-01-21,2018-01-21 | 2018-01-22 | 2019-01-21,Accept
387,2018-01-22 | 2018-01-23 | 2019-01-22,2018-01-22 | 2018-01-23 | 2019-01-22,Accept
388,2018-01-23 | 2018-01-24 | 2019-01-23,2018-01-23 | 2018-01-24 | 2019-01-23,Accept
389,2018-01-24 | 2018-01-25 | 2019-01-24,2018-01-24 | 2018-01-25 | 2019-01-24,Accept
390,2018-01-25 | 2018-01-26 | 2019-01-25,2018-01-25 | 2018-01-26 | 2019-01-25,Accept
391,2018-01-26 | 2018-01-27 | 2019-01-26,2018-01-26 | 2018-01-27 | 2019-01-26,Accept
392,2018-01-27 | 2018-01-28 | 2019-01-27,2018-01-27 | 2018-01-28 | 2019-01-27,Accept
393,2018-01-28 | 2018-01-29 | 2019-01-28,2018-01-28 | 2018-01-29 | 2019-01-28,Accept
394,2018-01-29 | 2018-01-30 | 2019-01-29,2018-01-29 | 2018-01-30 | 2019-01-29,Accept
395,2018-01-30 | 2018-01-31 | 2019-01-30,2018-01-30 | 2018-01-31 | 2019-01-30,Accept
396,2018-01-31 | 2018-02-01 | 2019-01-31,2018-01-31 | 2018-02-01 | 2019-01-31,Accept
397,2018-02-01 | 2018-02-02 | 2019-02-01,2018-02-01 | 2018-02-02 | 2019-02-01,Accept
398,2018-02-02 | 2018-02-03 | 2019-02-02,2018-02-02 | 2018-02-03 | 2019-02-02,Accept
399,2018-02-03 | 2018-02-04 | 2019-02-03,2018-02-03 | 2018-02-04 | 2019-02-03,Accept
400,2018-02-04 | 2018-02-05 | 2019-02-04,2018-02-04 | 2018-02-05 | 2019-02-04,Accept
401,2018-02-05 | 2018-02-06 | 2019-02-05,2018-02-05 | 2018-02-06 | 2019-02-05,Accept
402,2018-02-06 | 2018-02-07 | 2019-02-06,2018-02-06 | 2018-02-07 | 2019-02-06,Accept
403,2018-02-07 | 2018-02-08 | 2019-02-07,2018-02-07 | 2018-02-08 | 2019-02-07,Accept
404,2018-02-08 | 2018-02-09 | 2019-02-08,2018-02-08 | 2018-02-09 | 2019-02-08,Accept
405,2018-02-09 | 2018-02-10 | 2019-02-09,2018-02-09 | 2018-02-10 | 2019-02-09,Accept
406,2018-02-10 | 2018-02-11 | 2019-02-10,2018-02-10 | 2018-02-11 | 2019-02-10,Accept
407,2018-02-11 | 2018-02-12 | 2019-02-11,2018-02-11 | 2018-02-12 | 2019-02-11,Accept
408,2018-02-12 | 2018-02-13 | 2019-02-12,2018-02-12 | 2018-02-13 | 2019-02-12,Accept
409,2018-02-13 | 2018-02-14 | 2019-02-13,2018-02-13 | 2018-02-14 | 2019-02-13,Accept
410,2018-02-14 | 2018-02-15 | 2019-02-14,2018-02-14 | 2018-02-15 | 2019-02-14,Accept
411,2018-02-15 | 2018-02-16 | 2019-02-15,2018-02-15 | 2018-02-16 | 2019-02-15,Accept
412,2018-02-16 | 2018-02-17 | 2019-02-16,2018-02-16 | 2018-02-17 | 2019-02-16,Accept
413,2018-02-17 | 2018-02-18 | 2019-02-17,2018-02-17 | 2018-02-18 | 2019-02-17,Accept
414,2018-02-18 | 2018-02-19 | 2019-02-18,2018-02-18 | 2018-02-19 | 2019-02-18,Accept
415,2018-02-19 | 2018-02-20 | 2019-02-19,2018-02-19 | 2018-02-20 | 2019-02-19,Accept
416,2018-02-20 | 2018-02-21 | 2019-02-20,2018-02-20 | 2018-02-21 | 2019-02-20,Accept
417,2018-02-21 | 2018-02-22 | 2019-02-21,2018-02-21 | 2018-02-22 | 2019-02-21,Accept
418,2018-02-22 | 2018-02-23 | 2019-02-22,2018-02-22 | 2018-02-23 | 2019-02-22,Accept
419,2018-02-23 | 2018-02-24 | 2019-02-23,2018-02-23 | 2018-02-24 | 2019-02-23,Accept
420,2018-02-24 | 2018-02-25 | 2019-02-24,2018-02-24 | 2018-02-25 | 2019-02-24,Accept
421,2018-02-25 | 2018-02-26 | 2019-02-25,2018-02-25 | 2018-02-26 | 2019-02-25,Accept
422,2018-02-26 | 2018-02-27 | 2019-02-26,2018-02-26 | 2018-02-27 | 2019-02-26,Accept
423,2018-02-27 | 2018-02-28 | 2019-02-27,2018-02-27 | 2018-02-28 | 2019-02-27,Accept
424,2018-02-28 | 2018-03-01 | 2019-02-28,2018-02-28 | 2018-03-01 | 2019-02-28,Accept
425,2018-03-01 | 2018-03-02 | 2019-03-01,2018-03-01 | 2018-03-02 | 2019-03-01,Accept
426,2018-03-02 | 2018-03-03 | 2019-03-02,2018-03-02 | 2018-03-03 | 2019-03-02,Accept
427,2018-03-03 | 2018-03-04 | 2019-03-03,2018-03-03 | 2018-03-04 | 2019-03-03,Accept
428,2018-03-04 | 2018-03-05 | 2019-03-04,2018-03-04 | 2018-03-05 | 2019-03-04,Accept
429,2018-03-05 | 2018-03-06 | 2019-03-05,2018-03-05 | 2018-03-06 | 2019-03-05,Accept
430,2018-03-06 | 2018-03-07 | 2019-03-06,2018-03-06 | 2018-03-07 | 2019-03-06,Accept
431,2018-03-07 | 2018-03-08 | 2019-03-07,2018-03-07 | 2018-03-08 | 2019-03-07,Accept
432,2018-03-08 | 2018-03-09 | 2019-03-08,2018-03-08 | 2018-03-09 | 2019-03-08,Accept
433,2018-03-09 | 2018-03-10 | 2019-03-09,2018-03-09 | 2018-03-10 | 2019-03-09,Accept
434,2018-03-10 | 2018-03-11 | 2019-03-10,2018-03-10 | 2018-03-11 | 2019-03-10,Accept
435,2018-03-11 | 2018-03-12 | 2019-03-11,2018-03-11 | 2018-03-12 | 2019-03-11,Accept
436,2018-03-12 | 2018-03-13 | 2019-03-12,2018-03-12 | 2018-03-13 | 2019-03-12,Accept
437,2018-03-13 | 2018-03-14 | 2019-03-13,2018-03-13 | 2018-03-14 | 2019-03-13,Accept
438,2018-03-14 | 2018-03-15 | 2019-03-14,2018-03-14 | 2018-03-15 | 2019-03-14,Accept
439,2018-03-15 | 2018-03-16 | 2019-03-15,2018-03-15 | 2018-03-16 | 2019-03-15,Accept
440,2018-03-16 | 2018-03-17 | 2019-03-16,2018-03-16 | 2018-03-17 | 2019-03-16,Accept
441,2018-03-17 | 2018-03-18 | 2019-03-17,2018-03-17 | 2018-03-18 | 2019-03-17,Accept
442,2018-03-18 | 2018-03-19 | 2019-03-18,2018-03-18 | 2018-03-19 | 2019-03-18,Accept
443,2018-03-19 | 2018-03-20 | 2019-03-19,2018-03-19 | 2018-03-20 | 2019-03-19,Accept
444,2018-03-20 | 2018-03-21 | 2019-03-20,2018-03-20 | 2018-03-21 | 2019-03-20,Accept
445,2018-03-21 | 2018-03-22 | 2019-03-21,2018-03-21 | 2018-03-22 | 2019-03-21,Accept
446,2018-03-22 | 2018-03-23 | 2019-03-22,2018-03-22 | 2018-03-23 | 2019-03-22,Accept
447,2018-03-23 | 2018-03-24 | 2019-03-23,2018-03-23 | 2018-03-24 | 2019-03-23,Accept
448,2018-03-24 | 2018-03-25 | 2019-03-24,2018-03-24 | 2018-03-25 | 2019-03-24,Accept
449,2018-03-25 | 2018-03-26 | 2019-03-25,2018-03-25 | 2018-03-26 | 2019-03-25,Accept
450,2018-03-26 | 2018-03-27 | 2019-03-26,2018-03-26 | 2018-03-27 | 2019-03-26,Accept
451,2018-03-27 | 2018-03-28 | 2019-03-27,2018-03-27 | 2018-03-28 | 2019-03-27,Accept
452,2018-03-28 | 2018-03-29 | 2019-03-28,2018-03-28 | 2018-03-29 | 2019-03-28,Accept
453,2018-03-29 | 2018-03-30 | 2019-03-29,2018-03-29 | 2018-03-30 | 2019-03-29,Accept
454,2018-03-30 | 2018-03-31 | 2019-03-30,2018-03-30 | 2018-03-31 | 2019-03-30,Accept
455,2018-03-31 | 2018-04-01 | 2019-03-31,2018-03-31 | 2018-04-01 | 2019-03-31,Accept
456,2018-04-01 | 2018-04-02 | 2019-04-01,2018-04-01 | 2018-04-02 | 2019-04-01,Accept
457,2018-04-02 | 2018-04-03 | 2019-04-02,2018-04-02 | 2018-04-03 | 2019-04-02,Accept
458,2018-04-03 | 2018-04-04 | 2019-04-03,2018-04-03 | 2018-04-04 | 2019-04-03,Accept
459,2018-04-04 | 2018-04-05 | 2019-04-04,2018-04-04 | 2018-04-05 | 2019-04-04,Accept
460,2018-04-05 | 2018-04-06 | 2019-04-05,2018-04-05 | 2018-04-06 | 2019-04-05,Accept
461,2018-04-06 | 2018-04-07 | 2019-04-06,2018-04-06 | 2018-04-07 | 2019-04-06,Accept
462,2018-04-07 | 2018-04-08 | 2019-04-07,2018-04-07 | 2018-04-08 | 2019-04-07,Accept
463,2018-04-08 | 2018-04-09 | 2019-04-08,2018-04-08 | 2018-04-09 | 2019-04-08,Accept
464,2018-04-09 | 2018-04-10 | 2019-04-09,2018-04-09 | 2018-04-10 | 2019-04-09,Accept
465,2018-04-10 | 2018-04-11 | 2019-04-10,2018-04-10 | 2018-04-11 | 2019-04-10,Accept
466,2018-04-11 | 2018-04-12 | 2019-04-11,2018-04-11 | 2018-04-12 | 2019-04-11,Accept
467,2018-04-12 | 2018-04-13 | 2019-04-12,2018-04-12 | 2018-04-13 | 2019-04-12,Accept
468,2018-04-13 | 2018-04-14 | 2019-04-13,2018-04-13 | 2018-04-14 | 2019-04-13,Accept
469,2018-04-14 | 2018-04-15 | 2019-04-14,2018-04-14 | 2018-04-15 | 2019-04-14,Accept
470,2018-04-15 | 2018-04-16 | 2019-04-15,2018-04-15 | 2018-04-16 | 2019-04-15,Accept
471,2018-04-16 | 2018-04-17 | 2019-04-16,2018-04-16 | 2018-04-17 | 2019-04-16,Accept
472,2018-04-17 | 2018-04-18 | 2019-04-17,2018-04-17 | 2018-04-18 | 2019-04-17,Accept
473,2018-04-18 | 2018-04-19 | 2019-04-18,2018-04-18 | 2018-04-19 | 2019-04-18,Accept
474,2018-04-19 | 2018-04-20 | 2019-04-19,2018-04-19 | 2018-04-20 | 2019-04-19,Accept
475,2018-04-20 | 2018-04-21 | 2019-04-20,2018-04-20 | 2018-04-21 | 2019-04-20,Accept
476,2018-04-21 | 2018-04-22 | 2019-04-21,2018-04-21 | 2018-04-22 | 2019-04-21,Accept
477,2018-04-22 | 2018-04-23 | 2019-04-22,2018-04-22 | 2018-04-23 | 2019-04-22,Accept
478,2018-04-23 | 2018-04-24 | 2019-04-23,2018-04-23 | 2018-04-24 | 2019-04-23,Accept
479,2018-04-24 | 2018-04-25 | 2019-04-24,2018-04-24 | 2018-04-25 | 2019-04-24,Accept
480,2018-04-25 | 2018-04-26 | 2019-04-25,2018-04-25 | 2018-04-26 | 2019-04-25,Accept
481,2018-04-26 | 2018-04-27 | 2019-04-26,2018-04-26 | 2018-04-27 | 2019-04-26,Accept
482,2018-04-27 | 2018-04-28 | 2019-04-27,2018-04-27 | 2018-04-28 | 2019-04-27,Accept
483,2018-04-28 | 2018-04-29 | 2019-04-28,2018-04-28 | 2018-04-29 | 2019-04-28,Accept
484,2018-04-29 | 2018-04-30 | 2019-04-29,2018-04-29 | 2018-04-30 | 2019-04-29,Accept
485,2018-04-30 | 2018-05-01 | 2019-04-30,2018-04-30 | 2018-05-01 | 2019-04-30,Accept
486,2018-05-01 | 2018-05-02 | 2019-05-01,2018-05-01 | 2018-05-02 | 2019-05-01,Accept
487,2018-05-02 | 2018-05-03 | 2019-05-02,2018-05-02 | 2018-05-03 | 2019-05-02,Accept
488,2018-05-03 | 2018-05-04 | 2019-05-03,2018-05-03 | 2018-05-04 | 2019-05-03,Accept
489,2018-05-04 | 2018-05-05 | 2019-05-04,2018-05-04 | 2018-05-05 | 2019-05-04,Accept
490,2018-05-05 | 2018-05-06 | 2019-05-05,2018-05-05 | 2018-05-06 | 2019-05-05,Accept
491,2018-05-06 | 2018-05-07 | 2019-05-06,2018-05-06 | 2018-05-07 | 2019-05-06,Accept
492,2018-05-07 | 2018-05-08 | 2019-05-07,2018-05-07 | 2018-05-08 | 2019-05-07,Accept
493,2018-05-08 | 2018-05-09 | 2019-05-08,2018-05-08 | 2018-05-09 | 2019-05-08,Accept
494,2018-05-09 | 2018-05-10 | 2019-05-09,2018-05-09 | 2018-05-10 | 2019-05-09,Accept
495,2018-05-10 | 2018-05-11 | 2019-05-10,2018-05-10 | 2018-05-11 | 2019-05-10,Accept
496,2018-05-11 | 2018-05-12 | 2019-05-11,2018-05-11 | 2018-05-12 | 2019-05-11,Accept
497,2018-05-12 | 2018-05-13 | 2019-05-12,2018-05-12 | 2018-05-13 | 2019-05-12,Accept
498,2018-05-13 | 2018-05-14 | 2019-05-13,2018-05-13 | 2018-05-14 | 2019-05-13,Accept
499,2018-05-14 | 2018-05-15 | 2019-05-14,2018-05-14 | 2018-05-15 | 2019-05-14,Accept
500,2018-05-15 | 2018-05-16 | 2019-05-15,2018-05-15 | 2018-05-16 | 2019-05-15,Accept
501,2018-05-16 | 2018-05-17 | 2019-05-16,2018-05-16 | 2018-05-17 | 2019-05-16,Accept
502,2018-05-17 | 2018-05-18 | 2019-05-17,2018-05-17 | 2018-05-18 | 2019-05-17,Accept
503,2018-05-18 | 2018-05-19 | 2019-05-18,2018-05-18 | 2018-05-19 | 2019-05-18,Accept
504,2018-05-19 | 2018-05-20 | 2019-05-19,2018-05-19 | 2018-05-20 | 2019-05-19,Accept
505,2018-05-20 | 2018-05-21 | 2019-05-20,2018-05-20 | 2018-05-21 | 2019-05-20,Accept
506,2018-05-21 | 2018-05-22 | 2019-05-21,2018-05-21 | 2018-05-22 | 2019-05-21,Accept
507,2018-05-22 | 2018-05-23 | 2019-05-22,2018-05-22 | 2018-05-23 | 2019-05-22,Accept
508,2018-05-23 | 2018-05-24 | 2019-05-23,2018-05-23 | 2018-05-24 | 2019-05-23,Accept
509,2018-05-24 | 2018-05-25 | 2019-05-24,2018-05-24 | 2018-05-25 | 2019-05-24,Accept
510,2018-05-25 | 2018-05-26 | 2019-05-25,2018-05-25 | 2018-05-26 | 2019-05-25,Accept
511,2018-05-26 | 2018-05-27 | 2019-05-26,2018-05-26 | 2018-05-27 | 2019-05-26,Accept
512,2018-05-27 | 2018-05-28 | 2019-05-27,2018-05-27 | 2018-05-28 | 2019-05-27,Accept
513,2018-05-28 | 2018-05-29 | 2019-05-28,2018-05-28 | 2018-05-29 | 2019-05-28,Accept
514,2018-05-29 | 2018-05-30 | 2019-05-29,2018-05-29 | 2018-05-30 | 2019-05-29,Accept
515,2018-05-30 | 2018-05-31 | 2019-05-30,2018-05-30 | 2018-05-31 | 2019-05-30,Accept
516,2018-05-31 | 2018-06-01 | 2019-05-31,2018-05-31 | 2018-06-01 | 2019-05-31,Accept
517,2018-06-01 | 2018-06-02 | 2019-06-01,2018-06-01 | 2018-06-02 | 2019-06-01,Accept
518,2018-06-02 | 2018-06-03 | 2019-06-02,2018-06-02 | 2018-06-03 | 2019-06-02,Accept
519,2018-06-03 | 2018-06-04 | 2019-06-03,2018-06-03 | 2018-06-04 | 2019-06-03,Accept
520,2018-06-04 | 2018-06-05 | 2019-06-04,2018-06-04 | 2018-06-05 | 2019-06-04,Accept
521,2018-06-05 | 2018-06-06 | 2019-06-05,2018-06-05 | 2018-06-06 | 2019-06-05,Accept
522,2018-06-06 | 2018-06-07 | 2019-06-06,2018-06-06 | 2018-06-07 | 2019-06-06,Accept
523,2018-06-07 | 2018-06-08 | 2019-06-07,2018-06-07 | 2018-06-08 | 2019-06-07,Accept
524,2018-06-08 | 2018-06-09 | 2019-06-08,2018-06-08 | 2018-06-09 | 2019-06-08,Accept
525,2018-06-09 | 2018-06-10 | 2019-06-09,2018-06-09 | 2018-06-10 | 2019-06-09,Accept
526,2018-06-10 | 2018-06-11 | 2019-06-10,2018-06-10 | 2018-06-11 | 2019-06-10,Accept
527,2018-06-11 | 2018-06-12 | 2019-06-11,2018-06-11 | 2018-06-12 | 2019-06-11,Accept
528,2018-06-12 | 2018-06-13 | 2019-06-12,2018-06-12 | 2018-06-13 | 2019-06-12,Accept
529,2018-06-13 | 2018-06-14 | 2019-06-13,2018-06-13 | 2018-06-14 | 2019-06-13,Accept
530,2018-06-14 | 2018-06-15 | 2019-06-14,2018-06-14 | 2018-06-15 | 2019-06-14,Accept
531,2018-06-15 | 2018-06-16 | 2019-06-15,2018-06-15 | 2018-06-16 | 2019-06-15,Accept
532,2018-06-16 | 2018-06-17 | 2019-06-16,2018-06-16 | 2018-06-17 | 2019-06-16,Accept
533,2018-06-17 | 2018-06-18 | 2019-06-17,2018-06-17 | 2018-06-18 | 2019-06-17,Accept
534,2018-06-18 | 2018-06-19 | 2019-06-18,2018-06-18 | 2018-06-19 | 2019-06-18,Accept
535,2018-06-19 | 2018-06-20 | 2019-06-19,2018-06-19 | 2018-06-20 | 2019-06-19,Accept
536,2018-06-20 | 2018-06-21 | 2019-06-20,2018-06-20 | 2018-06-21 | 2019-06-20,Accept
537,2018-06-21 | 2018-06-22 | 2019-06-21,2018-06-21 | 2018-06-22 | 2019-06-21,Accept
538,2018-06-22 | 2018-06-23 | 2019-06-22,2018-06-22 | 2018-06-23 | 2019-06-22,Accept
539,2018-06-23 | 2018-06-24 | 2019-06-23,2018-06-23 | 2018-06-24 | 2019-06-23,Accept
540,2018-06-24 | 2018-06-25 | 2019-06-24,2018-06-24 | 2018-06-25 | 2019-06-24,Accept
541,2018-06-25 | 2018-06-26 | 2019-06-25,2018-06-25 | 2018-06-26 | 2019-06-25,Accept
542,2018-06-26 | 2018-06-27 | 2019-06-26,2018-06-26 | 2018-06-27 | 2019-06-26,Accept
543,2018-06-27 | 2018-06-28 | 2019-06-27,2018-06-27 | 2018-06-28 | 2019-06-27,Accept
544,2018-06-28 | 2018-06-29 | 2019-06-28,2018-06-28 | 2018-06-29 | 2019-06-28,Accept
545,2018-06-29 | 2018-06-30 | 2019-06-29,2018-06-29 | 2018-06-30 | 2019-06-29,Accept
546,2018-06-30 | 2018-07-01 | 2019-06-30,2018-06-30 | 2018-07-01 | 2019-06-30,Accept
547,2018-07-01 | 2018-07-02 | 2019-07-01,2018-07-01 | 2018-07-02 | 2019-07-01,Accept
548,2018-07-02 | 2018-07-03 | 2019-07-02,2018-07-02 | 2018-07-03 | 2019-07-02,Accept
549,2018-07-03 | 2018-07-04 | 2019-07-03,2018-07-03 | 2018-07-04 | 2019-07-03,Accept
550,2018-07-04 | 2018-07-05 | 2019-07-04,2018-07-04 | 2018-07-05 | 2019-07-04,Accept
551,2018-07-05 | 2018-07-06 | 2019-07-05,2018-07-05 | 2018-07-06 | 2019-07-05,Accept
552,2018-07-06 | 2018-07-07 | 2019-07-06,2018-07-06 | 2018-07-07 | 2019-07-06,Accept
553,2018-07-07 | 2018-07-08 | 2019-07-07,2018-07-07 | 2018-07-08 | 2019-07-07,Accept
554,2018-07-08 | 2018-07-09 | 2019-07-08,2018-07-08 | 2018-07-09 | 2019-07-08,Accept
555,2018-07-09 | 2018-07-10 | 2019-07-09,2018-07-09 | 2018-07-10 | 2019-07-09,Accept
556,2018-07-10 | 2018-07-11 | 2019-07-10,2018-07-10 | 2018-07-11 | 2019-07-10,Accept
557,2018-07-11 | 2018-07-12 | 2019-07-11,2018-07-11 | 2018-07-12 | 2019-07-11,Accept
558,2018-07-12 | 2018-07-13 | 2019-07-12,2018-07-12 | 2018-07-13 | 2019-07-12,Accept
559,2018-07-13 | 2018-07-14 | 2019-07-13,2018-07-13 | 2018-07-14 | 2019-07-13,Accept
560,2018-07-14 | 2018-07-15 | 2019-07-14,2018-07-14 | 2018-07-15 | 2019-07-14,Accept
561,2018-07-15 | 2018-07-16 | 2019-07-15,2018-07-15 | 2018-07-16 | 2019-07-15,Accept
562,2018-07-16 | 2018-07-17 | 2019-07-16,2018-07-16 | 2018-07-17 | 2019-07-16,Accept
563,2018-07-17 | 2018-07-18 | 2019-07-17,2018-07-17 | 2018-07-18 | 2019-07-17,Accept
564,2018-07-18 | 2018-07-19 | 2019-07-18,2018-07-18 | 2018-07-19 | 2019-07-18,Accept
565,2018-07-19 | 2018-07-20 | 2019-07-19,2018-07-19 | 2018-07-20 | 2019-07-19,Accept
566,2018-07-20 | 2018-07-21 | 2019-07-20,2018-07-20 | 2018-07-21 | 2019-07-20,Accept
567,2018-07-21 | 2018-07-22 | 2019-07-21,2018-07-21 | 2018-07-22 | 2019-07-21,Accept
568,2018-07-22 | 2018-07-23 | 2019-07-22,2018-07-22 | 2018-07-23 | 2019-07-22,Accept
569,2018-07-23 | 2018-07-24 | 2019-07-23,2018-07-23 | 2018-07-24 | 2019-07-23,Accept
570,2018-07-24 | 2018-07-25 | 2019-07-24,2018-07-24 | 2018-07-25 | 2019-07-24,Accept
571,2018-07-25 | 2018-07-26 | 2019-07-25,2018-07-25 | 2018-07-26 | 2019-07-25,Accept
572,2018-07-26 | 2018-07-27 | 2019-07-26,2018-07-26 | 2018-07-27 | 2019-07-26,Accept
573,2018-07-27 | 2018-07-28 | 2019-07-27,2018-07-27 | 2018-07-28 | 2019-07-27,Accept
574,2018-07-28 | 2018-07-29 | 2019-07-28,2018-07-28 | 2018-07-29 | 2019-07-28,Accept
575,2018-07-29 | 2018-07-30 | 2019-07-29,2018-07-29 | 2018-07-30 | 2019-07-29,Accept
576,2018-07-30 | 2018-07-31 | 2019-07-30,2018-07-30 | 2018-07-31 | 2019-07-30,Accept
577,2018-07-31 | 2018-08-01 | 2019-07-31,2018-07-31 | 2018-08-01 | 2019-07-31,Accept
578,2018-08-01 | 2018-08-02 | 2019-08-01,2018-08-01 | 2018-08-02 | 2019-08-01,Accept
579,2018-08-02 | 2018-08-03 | 2019-08-02,2018-08-02 | 2018-08-03 | 2019-08-02,Accept
580,2018-08-03 | 2018-08-04 | 2019-08-03,2018-08-03 | 2018-08-04 | 2019-08-03,Accept
581,2018-08-04 | 2018-08-05 | 2019-08-04,2018-08-04 | 2018-08-05 | 2019-08-04,Accept
582,2018-08-05 | 2018-08-06 | 2019-08-05,2018-08-05 | 2018-08-06 | 2019-08-05,Accept
583,2018-08-06 | 2018-08-07 | 2019-08-06,2018-08-06 | 2018-08-07 | 2019-08-06,Accept
584,2018-08-07 | 2018-08-08 | 2019-08-07,2018-08-07 | 2018-08-08 | 2019-08-07,Accept
585,2018-08-08 | 2018-08-09 | 2019-08-08,2018-08-08 | 2018-08-09 | 2019-08-08,Accept
586,2018-08-09 | 2018-08-10 | 2019-08-09,2018-08-09 | 2018-08-10 | 2019-08-09,Accept
587,2018-08-10 | 2018-08-11 | 2019-08-10,2018-08-10 | 2018-08-11 | 2019-08-10,Accept
588,2018-08-11 | 2018-08-12 | 2019-08-11,2018-08-11 | 2018-08-12 | 2019-08-11,Accept
589,2018-08-12 | 2018-08-13 | 2019-08-12,2018-08-12 | 2018-08-13 | 2019-08-12,Accept
590,2018-08-13 | 2018-08-14 | 2019-08-13,2018-08-13 | 2018-08-14 | 2019-08-13,Accept
591,2018-08-14 | 2018-08-15 | 2019-08-14,2018-08-14 | 2018-08-15 | 2019-08-14,Accept
592,2018-08-15 | 2018-08-16 | 2019-08-15,2018-08-15 | 2018-08-16 | 2019-08-15,Accept
593,2018-08-16 | 2018-08-17 | 2019-08-16,2018-08-16 | 2018-08-17 | 2019-08-16,Accept
594,2018-08-17 | 2018-08-18 | 2019-08-17,2018-08-17 | 2018-08-18 | 2019-08-17,Accept
595,2018-08-18 | 2018-08-19 | 2019-08-18,2018-08-18 | 2018-08-19 | 2019-08-18,Accept
596,2018-08-19 | 2018-08-20 | 2019-08-19,2018-08-19 | 2018-08-20 | 2019-08-19,Accept
597,2018-08-20 | 2018-08-21 | 2019-08-20,2018-08-20 | 2018-08-21 | 2019-08-20,Accept
598,2018-08-21 | 2018-08-22 | 2019-08-21,2018-08-21 | 2018-08-22 | 2019-08-21,Accept
599,2018-08-22 | 2018-08-23 | 2019-08-22,2018-08-22 | 2018-08-23 | 2019-08-22,Accept
600,2018-08-23 | 2018-08-24 | 2019-08-23,2018-08-23 | 2018-08-24 | 2019-08-23,Accept
601,2018-08-24 | 2018-08-25 | 2019-08-24,2018-08-24 | 2018-08-25 | 2019-08-24,Accept
602,2018-08-25 | 2018-08-26 | 2019-08-25,2018-08-25 | 2018-08-26 | 2019-08-25,Accept
603,2018-08-26 | 2018-08-27 | 2019-08-26,2018-08-26 | 2018-08-27 | 2019-08-26,Accept
604,2018-08-27 | 2018-08-28 | 2019-08-27,2018-08-27 | 2018-08-28 | 2019-08-27,Accept
605,2018-08-28 | 2018-08-29 | 2019-08-28,2018-08-28 | 2018-08-29 | 2019-08-28,Accept
606,2018-08-29 | 2018-08-30 | 2019-08-29,2018-08-29 | 2018-08-30 | 2019-08-29,Accept
607,2018-08-30 | 2018-08-31 | 2019-08-30,2018-08-30 | 2018-08-31 | 2019-08-30,Accept
608,2018-08-31 | 2018-09-01 | 2019-08-31,2018-08-31 | 2018-09-01 | 2019-08-31,Accept
609,2018-09-01 | 2018-09-02 | 2019-09-01,2018-09-01 | 2018-09-02 | 2019-09-01,Accept
610,2018-09-02 | 2018-09-03 | 2019-09-02,2018-09-02 | 2018-09-03 | 2019-09-02,Accept
611,2018-09-03 | 2018-09-04 | 2019-09-03,2018-09-03 | 2018-09-04 | 2019-09-03,Accept
612,2018-09-04 | 2018-09-05 | 2019-09-04,2018-09-04 | 2018-09-05 | 2019-09-04,Accept
613,2018-09-05 | 2018-09-06 | 2019-09-05,2018-09-05 | 2018-09-06 | 2019-09-05,Accept
614,2018-09-06 | 2018-09-07 | 2019-09-06,2018-09-06 | 2018-09-07 | 2019-09-06,Accept
615,2018-09-07 | 2018-09-08 | 2019-09-07,2018-09-07 | 2018-09-08 | 2019-09-07,Accept
616,2018-09-08 | 2018-09-09 | 2019-09-08,2018-09-08 | 2018-09-09 | 2019-09-08,Accept
617,2018-09-09 | 2018-09-10 | 2019-09-09,2018-09-09 | 2018-09-10 | 2019-09-09,Accept
618,2018-09-10 | 2018-09-11 | 2019-09-10,2018-09-10 | 2018-09-11 | 2019-09-10,Accept
619,2018-09-11 | 2018-09-12 | 2019-09-11,2018-09-11 | 2018-09-12 | 2019-09-11,Accept
620,2018-09-12 | 2018-09-13 | 2019-09-12,2018-09-12 | 2018-09-13 | 2019-09-12,Accept
621,2018-09-13 | 2018-09-14 | 2019-09-13,2018-09-13 | 2018-09-14 | 2019-09-13,Accept
622,2018-09-14 | 2018-09-15 | 2019-09-14,2018-09-14 | 2018-09-15 | 2019-09-14,Accept
623,2018-09-15 | 2018-09-16 | 2019-09-15,2018-09-15 | 2018-09-16 | 2019-09-15,Accept
624,2018-09-16 | 2018-09-17 | 2019-09-16,2018-09-16 | 2018-09-17 | 2019-09-16,Accept
625,2018-09-17 | 2018-09-18 | 2019-09-17,2018-09-17 | 2018-09-18 | 2019-09-17,Accept
626,2018-09-18 | 2018-09-19 | 2019-09-18,2018-09-18 | 2018-09-19 | 2019-09-18,Accept
627,2018-09-19 | 2018-09-20 | 2019-09-19,2018-09-19 | 2018-09-20 | 2019-09-19,Accept
628,2018-09-20 | 2018-09-21 | 2019-09-20,2018-09-20 | 2018-09-21 | 2019-09-20,Accept
629,2018-09-21 | 2018-09-22 | 2019-09-21,2018-09-21 | 2018-09-22 | 2019-09-21,Accept
630,2018-09-22 | 2018-09-23 | 2019-09-22,2018-09-22 | 2018-09-23 | 2019-09-22,Accept
631,2018-09-23 | 2018-09-24 | 2019-09-23,2018-09-23 | 2018-09-24 | 2019-09-23,Accept
632,2018-09-24 | 2018-09-25 | 2019-09-24,2018-09-24 | 2018-09-25 | 2019-09-24,Accept
633,2018-09-25 | 2018-09-26 | 2019-09-25,2018-09-25 | 2018-09-26 | 2019-09-25,Accept
634,2018-09-26 | 2018-09-27 | 2019-09-26,2018-09-26 | 2018-09-27 | 2019-09-26,Accept
635,2018-09-27 | 2018-09-28 | 2019-09-27,2018-09-27 | 2018-09-28 | 2019-09-27,Accept
636,2018-09-28 | 2018-09-29 | 2019-09-28,2018-09-28 | 2018-09-29 | 2019-09-28,Accept
637,2018-09-29 | 2018-09-30 | 2019-09-29,2018-09-29 | 2018-09-30 | 2019-09-29,Accept
638,2018-09-30 | 2018-10-01 | 2019-09-30,2018-09-30 | 2018-10-01 | 2019-09-30,Accept
639,2018-10-01 | 2018-10-02 | 2019-10-01,2018-10-01 | 2018-10-02 | 2019-10-01,Accept
640,2018-10-02 | 2018-10-03 | 2019-10-02,2018-10-02 | 2018-10-03 | 2019-10-02,Accept
641,2018-10-03 | 2018-10-04 | 2019-10-03,2018-10-03 | 2018-10-04 | 2019-10-03,Accept
642,2018-10-04 | 2018-10-05 | 2019-10-04,2018-10-04 | 2018-10-05 | 2019-10-04,Accept
643,2018-10-05 | 2018-10-06 | 2019-10-05,2018-10-05 | 2018-10-06 | 2019-10-05,Accept
644,2018-10-06 | 2018-10-07 | 2019-10-06,2018-10-06 | 2018-10-07 | 2019-10-06,Accept
645,2018-10-07 | 2018-10-08 | 2019-10-07,2018-10-07 | 2018-10-08 | 2019-10-07,Accept
646,2018-10-08 | 2018-10-09 | 2019-10-08,2018-10-08 | 2018-10-09 | 2019-10-08,Accept
647,2018-10-09 | 2018-10-10 | 2019-10-09,2018-10-09 | 2018-10-10 | 2019-10-09,Accept
648,2018-10-10 | 2018-10-11 | 2019-10-10,2018-10-10 | 2018-10-11 | 2019-10-10,Accept
649,2018-10-11 | 2018-10-12 | 2019-10-11,2018-10-11 | 2018-10-12 | 2019-10-11,Accept
650,2018-10-12 | 2018-10-13 | 2019-10-12,2018-10-12 | 2018-10-13 | 2019-10-12,Accept
651,2018-10-13 | 2018-10-14 | 2019-10-13,2018-10-13 | 2018-10-14 | 2019-10-13,Accept
652,2018-10-14 | 2018-10-15 | 2019-10-14,2018-10-14 | 2018-10-15 | 2019-10-14,Accept
653,2018-10-15 | 2018-10-16 | 2019-10-15,2018-10-15 | 2018-10-16 | 2019-10-15,Accept
654,2018-10-16 | 2018-10-17 | 2019-10-16,2018-10-16 | 2018-10-17 | 2019-10-16,Accept
655,2018-10-17 | 2018-10-18 | 2019-10-17,2018-10-17 | 2018-10-18 | 2019-10-17,Accept
656,2018-10-18 | 2018-10-19 | 2019-10-18,2018-10-18 | 2018-10-19 | 2019-10-18,Accept
657,2018-10-19 | 2018-10-20 | 2019-10-19,2018-10-19 | 2018-10-20 | 2019-10-19,Accept
658,2018-10-20 | 2018-10-21 | 2019-10-20,2018-10-20 | 2018-10-21 | 2019-10-20,Accept
659,2018-10-21 | 2018-10-22 | 2019-10-21,2018-10-21 | 2018-10-22 | 2019-10-21,Accept
660,2018-10-22 | 2018-10-23 | 2019-10-22,2018-10-22 | 2018-10-23 | 2019-10-22,Accept
661,2018-10-23 | 2018-10-24 | 2019-10-23,2018-10-23 | 2018-10-24 | 2019-10-23,Accept
662,2018-10-24 | 2018-10-25 | 2019-10-24,2018-10-24 | 2018-10-25 | 2019-10-24,Accept
663,2018-10-25 | 2018-10-26 | 2019-10-25,2018-10-25 | 2018-10-26 | 2019-10-25,Accept
664,2018-10-26 | 2018-10-27 | 2019-10-26,2018-10-26 | 2018-10-27 | 2019-10-26,Accept
665,2018-10-27 | 2018-10-28 | 2019-10-27,2018-10-27 | 2018-10-28 | 2019-10-27,Accept
666,2018-10-28 | 2018-10-29 | 2019-10-28,2018-10-28 | 2018-10-29 | 2019-10-28,Accept
667,2018-10-29 | 2018-10-30 | 2019-10-29,2018-10-29 | 2018-10-30 | 2019-10-29,Accept
668,2018-10-30 | 2018-10-31 | 2019-10-30,2018-10-30 | 2018-10-31 | 2019-10-30,Accept
669,2018-10-31 | 2018-11-01 | 2019-10-31,2018-10-31 | 2018-11-01 | 2019-10-31,Accept
670,2018-11-01 | 2018-11-02 | 2019-11-01,2018-11-01 | 2018-11-02 | 2019-11-01,Accept
671,2018-11-02 | 2018-11-03 | 2019-11-02,2018-11-02 | 2018-11-03 | 2019-11-02,Accept
672,2018-11-03 | 2018-11-04 | 2019-11-03,2018-11-03 | 2018-11-04 | 2019-11-03,Accept
673,2018-11-04 | 2018-11-05 | 2019-11-04,2018-11-04 | 2018-11-05 | 2019-11-04,Accept
674,2018-11-05 | 2018-11-06 | 2019-11-05,2018-11-05 | 2018-11-06 | 2019-11-05,Accept
675,2018-11-06 | 2018-11-07 | 2019-11-06,2018-11-06 | 2018-11-07 | 2019-11-06,Accept
676,2018-11-07 | 2018-11-08 | 2019-11-07,2018-11-07 | 2018-11-08 | 2019-11-07,Accept
677,2018-11-08 | 2018-11-09 | 2019-11-08,2018-11-08 | 2018-11-09 | 2019-11-08,Accept
678,2018-11-09 | 2018-11-10 | 2019-11-09,2018-11-09 | 2018-11-10 | 2019-11-09,Accept
679,2018-11-10 | 2018-11-11 | 2019-11-10,2018-11-10 | 2018-11-11 | 2019-11-10,Accept
680,2018-11-11 | 2018-11-12 | 2019-11-11,2018-11-11 | 2018-11-12 | 2019-11-11,Accept
681,2018-11-12 | 2018-11-13 | 2019-11-12,2018-11-12 | 2018-11-13 | 2019-11-12,Accept
682,2018-11-13 | 2018-11-14 | 2019-11-13,2018-11-13 | 2018-11-14 | 2019-11-13,Accept
683,2018-11-14 | 2018-11-15 | 2019-11-14,2018-11-14 | 2018-11-15 | 2019-11-14,Accept
684,2018-11-15 | 2018-11-16 | 2019-11-15,2018-11-15 | 2018-11-16 | 2019-11-15,Accept
685,2018-11-16 | 2018-11-17 | 2019-11-16,2018-11-16 | 2018-11-17 | 2019-11-16,Accept
686,2018-11-17 | 2018-11-18 | 2019-11-17,2018-11-17 | 2018-11-18 | 2019-11-17,Accept
687,2018-11-18 | 2018-11-19 | 2019-11-18,2018-11-18 | 2018-11-19 | 2019-11-18,Accept
688,2018-11-19 | 2018-11-20 | 2019-11-19,2018-11-19 | 2018-11-20 | 2019-11-19,Accept
689,2018-11-20 | 2018-11-21 | 2019-11-20,2018-11-20 | 2018-11-21 | 2019-11-20,Accept
690,2018-11-21 | 2018-11-22 | 2019-11-21,2018-11-21 | 2018-11-22 | 2019-11-21,Accept
691,2018-11-22 | 2018-11-23 | 2019-11-22,2018-11-22 | 2018-11-23 | 2019-11-22,Accept
692,2018-11-23 | 2018-11-24 | 2019-11-23,2018-11-23 | 2018-11-24 | 2019-11-23,Accept
693,2018-11-24 | 2018-11-25 | 2019-11-24,2018-11-24 | 2018-11-25 | 2019-11-24,Accept
694,2018-11-25 | 2018-11-26 | 2019-11-25,2018-11-25 | 2018-11-26 | 2019-11-25,Accept
695,2018-11-26 | 2018-11-27 | 2019-11-26,2018-11-26 | 2018-11-27 | 2019-11-26,Accept
696,2018-11-27 | 2018-11-28 | 2019-11-27,2018-11-27 | 2018-11-28 | 2019-11-27,Accept
697,2018-11-28 | 2018-11-29 | 2019-11-28,2018-11-28 | 2018-11-29 | 2019-11-28,Accept
698,2018-11-29 | 2018-11-30 | 2019-11-29,2018-11-29 | 2018-11-30 | 2019-11-29,Accept
699,2018-11-30 | 2018-12-01 | 2019-11-30,2018-11-30 | 2018-12-01 | 2019-11-30,Accept
700,2018-12-01 | 2018-12-02 | 2019-12-01,2018-12-01 | 2018-12-02 | 2019-12-01,Accept
701,2018-12-02 | 2018-12-03 | 2019-12-02,2018-12-02 | 2018-12-03 | 2019-12-02,Accept
702,2018-12-03 | 2018-12-04 | 2019-12-03,2018-12-03 | 2018-12-04 | 2019-12-03,Accept
703,2018-12-04 | 2018-12-05 | 2019-12-04,2018-12-04 | 2018-12-05 | 2019-12-04,Accept
704,2018-12-05 | 2018-12-06 | 2019-12-05,2018-12-05 | 2018-12-06 | 2019-12-05,Accept
705,2018-12-06 | 2018-12-07 | 2019-12-06,2018-12-06 | 2018-12-07 | 2019-12-06,Accept
706,2018-12-07 | 2018-12-08 | 2019-12-07,2018-12-07 | 2018-12-08 | 2019-12-07,Accept
707,2018-12-08 | 2018-12-09 | 2019-12-08,2018-12-08 | 2018-12-09 | 2019-12-08,Accept
708,2018-12-09 | 2018-12-10 | 2019-12-09,2018-12-09 | 2018-12-10 | 2019-12-09,Accept
709,2018-12-10 | 2018-12-11 | 2019-12-10,2018-12-10 | 2018-12-11 | 2019-12-10,Accept
710,2018-12-11 | 2018-12-12 | 2019-12-11,2018-12-11 | 2018-12-12 | 2019-12-11,Accept
711,2018-12-12 | 2018-12-13 | 2019-12-12,2018-12-12 | 2018-12-13 | 2019-12-12,Accept
712,2018-12-13 | 2018-12-14 | 2019-12-13,2018-12-13 | 2018-12-14 | 2019-12-13,Accept
713,2018-12-14 | 2018-12-15 | 2019-12-14,2018-12-14 | 2018-12-15 | 2019-12-14,Accept
714,2018-12-15 | 2018-12-16 | 2019-12-15,2018-12-15 | 2018-12-16 | 2019-12-15,Accept
715,2018-12-16 | 2018-12-17 | 2019-12-16,2018-12-16 | 2018-12-17 | 2019-12-16,Accept
716,2018-12-17 | 2018-12-18 | 2019-12-17,2018-12-17 | 2018-12-18 | 2019-12-17,Accept
717,2018-12-18 | 2018-12-19 | 2019-12-18,2018-12-18 | 2018-12-19 | 2019-12-18,Accept
718,2018-12-19 | 2018-12-20 | 2019-12-19,2018-12-19 | 2018-12-20 | 2019-12-19,Accept
719,2018-12-20 | 2018-12-21 | 2019-12-20,2018-12-20 | 2018-12-21 | 2019-12-20,Accept
720,2018-12-21 | 2018-12-22 | 2019-12-21,2018-12-21 | 2018-12-22 | 2019-12-21,Accept
721,2018-12-22 | 2018-12-23 | 2019-12-22,2018-12-22 | 2018-12-23 | 2019-12-22,Accept
722,2018-12-23 | 2018-12-24 | 2019-12-23,2018-12-23 | 2018-12-24 | 2019-12-23,Accept
723,2018-12-24 | 2018-12-25 | 2019-12-24,2018-12-24 | 2018-12-25 | 2019-12-24,Accept
724,2018-12-25 | 2018-12-26 | 2019-12-25,2018-12-25 | 2018-12-26 | 2019-12-25,Accept
725,2018-12-26 | 2018-12-27 | 2019-12-26,2018-12-26 | 2018-12-27 | 2019-12-26,Accept
726,2018-12-27 | 2018-12-28 | 2019-12-27,2018-12-27 | 2018-12-28 | 2019-12-27,Accept
727,2018-12-28 | 2018-12-29 | 2019-12-28,2018-12-28 | 2018-12-29 | 2019-12-28,Accept
728,2018-12-29 | 2018-12-30 | 2019-12-29,2018-12-29 | 2018-12-30 | 2019-12-29,Accept
729,2018-12-30 | 2018-12-31 | 2019-12-30,2018-12-30 | 2018-12-31 | 2019-12-30,Accept
730,2018-12-31 | 2019-01-01 | 2019-12-31,2018-12-31 | 2019-01-01 | 2019-12-31,Accept
731,2016-01-01 | Date before 2017 | Date before 2017,2016-01-01 | Date before 2017 | Date before 2017,Accept
732,2016-09-21 | Date before 2017 | Date before 2017,2016-09-21 | Date before 2017 | Date before 2017,Accept
733,2016-03-04 | Date before 2017 | Date before 2017,2016-03-04 | Date before 2017 | Date before 2017,Accept
734,2016-05-13 | Date before 2017 | Date before 2017,2016-05-13 | Date before 2017 | Date before 2017,Accept
735,2016-01-08 | Date before 2017 | Date before 2017,2016-01-08 | Date before 2017 | Date before 2017,Accept
736,2016-11-30 | Date before 2017 | Date before 2017,2016-11-30 | Date before 2017 | Date before 2017,Accept
737,2016-05-30 | Date before 2017 | Date before 2017,2016-05-30 | Date before 2017 | Date before 2017,Accept
738,2016-10-04 | Date before 2017 | Date before 2017,2016-10-04 | Date before 2017 | Date before 2017,Accept
739,2016-12-29 | Date before 2017 | Date before 2017,2016-12-29 | Date before 2017 | Date before 2017,Accept
740,2016-11-07 | Date before 2017 | Date before 2017,2016-11-07 | Date before 2017 | Date before 2017,Accept
741,2016-06-18 | Date before 2017 | Date before 2017,2016-06-18 | Date before 2017 | Date before 2017,Accept
742,2016-08-16 | Date before 2017 | Date before 2017,2016-08-16 | Date before 2017 | Date before 2017,Accept
743,2016-06-16 | Date before 2017 | Date before 2017,2016-06-16 | Date before 2017 | Date before 2017,Accept
744,2016-07-09 | Date before 2017 | Date before 2017,2016-07-09 | Date before 2017 | Date before 2017,Accept
745,2016-03-27 | Date before 2017 | Date before 2017,2016-03-27 | Date before 2017 | Date before 2017,Accept
746,2016-01-16 | Date before 2017 | Date before 2017,2016-01-16 | Date before 2017 | Date before 2017,Accept
747,2016-08-13 | Date before 2017 | Date before 2017,2016-08-13 | Date before 2017 | Date before 2017,Accept
748,2016-07-26 | Date before 2017 | Date before 2017,2016-07-26 | Date before 2017 | Date before 2017,Accept
749,2016-12-02 | Date before 2017 | Date before 2017,2016-12-02 | Date before 2017 | Date before 2017,Accept
750,2016-08-09 | Date before 2017 | Date before 2017,2016-08-09 | Date before 2017 | Date before 2017,Accept
751,2016-02-19 | Date before 2017 | Date before 2017,2016-02-19 | Date before 2017 | Date before 2017,Accept
752,2016-11-03 | Date before 2017 | Date before 2017,2016-11-03 | Date before 2017 | Date before 2017,Accept
753,2016-03-03 | Date before 2017 | Date before 2017,2016-03-03 | Date before 2017 | Date before 2017,Accept
754,2016-06-14 | Date before 2017 | Date before 2017,2016-06-14 | Date before 2017 | Date before 2017,Accept
755,2016-12-27 | Date before 2017 | Date before 2017,2016-12-27 | Date before 2017 | Date before 2017,Accept
756,2016-05-15 | Date before 2017 | Date before 2017,2016-05-15 | Date before 2017 | Date before 2017,Accept
757,2016-11-15 | Date before 2017 | Date before 2017,2016-11-15 | Date before 2017 | Date before 2017,Accept
758,2016-03-05 | Date before 2017 | Date before 2017,2016-03-05 | Date before 2017 | Date before 2017,Accept
759,2016-04-12 | Date before 2017 | Date before 2017,2016-04-12 | Date before 2017 | Date before 2017,Accept
760,2016-04-07 | Date before 2017 | Date before 2017,2016-04-07 | Date before 2017 | Date before 2017,Accept
761,2016-09-27 | Date before 2017 | Date before 2017,2016-09-27 | Date before 2017 | Date before 2017,Accept
762,2016-05-26 | Date before 2017 | Date before 2017,2016-05-26 | Date before 2017 | Date before 2017,Accept
763,2016-12-19 | Date before 2017 | Date before 2017,2016-12-19 | Date before 2017 | Date before 2017,Accept
764,2016-06-27 | Date before 2017 | Date before 2017,2016-06-27 | Date before 2017 | Date before 2017,Accept
765,2016-03-24 | Date before 2017 | Date before 2017,2016-03-24 | Date before 2017 | Date before 2017,Accept
766,2016-06-07 | Date before 2017 | Date before 2017,2016-06-07 | Date before 2017 | Date before 2017,Accept
767,2016-07-22 | Date before 2017 | Date before 2017,2016-07-22 | Date before 2017 | Date before 2017,Accept
768,2016-08-21 | Date before 2017 | Date before 2017,2016-08-21 | Date before 2017 | Date before 2017,Accept
769,2016-03-29 | Date before 2017 | Date before 2017,2016-03-29 | Date before 2017 | Date before 2017,Accept
770,2016-10-16 | Date before 2017 | Date before 2017,2016-10-16 | Date before 2017 | Date before 2017,Accept
771,2016-09-02 | Date before 2017 | Date before 2017,2016-09-02 | Date before 2017 | Date before 2017,Accept
772,2016-03-18 | Date before 2017 | Date before 2017,2016-03-18 | Date before 2017 | Date before 2017,Accept
773,2016-11-11 | Date before 2017 | Date before 2017,2016-11-11 | Date before 2017 | Date before 2017,Accept
774,2016-09-28 | Date before 2017 | Date before 2017,2016-09-28 | Date before 2017 | Date before 2017,Accept
775,2016-02-02 | Date before 2017 | Date before 2017,2016-02-02 | Date before 2017 | Date before 2017,Accept
776,2016-11-28 | Date before 2017 | Date before 2017,2016-11-28 | Date before 2017 | Date before 2017,Accept
777,2016-01-05 | Date before 2017 | Date before 2017,2016-01-05 | Date before 2017 | Date before 2017,Accept
778,2016-09-01 | Date before 2017 | Date before 2017,2016-09-01 | Date before 2017 | Date before 2017,Accept
779,2016-10-30 | Date before 2017 | Date before 2017,2016-10-30 | Date before 2017 | Date before 2017,Accept
780,2016-12-18 | Date before 2017 | Date before 2017,2016-12-18 | Date before 2017 | Date before 2017,Accept
781,2016-08-20 | Date before 2017 | Date before 2017,2016-08-20 | Date before 2017 | Date before 2017,Accept
782,2016-10-29 | Date before 2017 | Date before 2017,2016-10-29 | Date before 2017 | Date before 2017,Accept
783,2016-11-25 | Date before 2017 | Date before 2017,2016-11-25 | Date before 2017 | Date before 2017,Accept
784,2016-11-26 | Date before 2017 | Date before 2017,2016-11-26 | Date before 2017 | Date before 2017,Accept
785,2016-02-08 | Date before 2017 | Date before 2017,2016-02-08 | Date before 2017 | Date before 2017,Accept
786,2016-05-02 | Date before 2017 | Date before 2017,2016-05-02 | Date before 2017 | Date before 2017,Accept
787,2016-04-23 | Date before 2017 | Date before 2017,2016-04-23 | Date before 2017 | Date before 2017,Accept
788,2016-01-21 | Date before 2017 | Date before 2017,2016-01-21 | Date before 2017 | Date before 2017,Accept
789,2016-08-15 | Date before 2017 | Date before 2017,2016-08-15 | Date before 2017 | Date before 2017,Accept
790,2016-10-11 | Date before 2017 | Date before 2017,2016-10-11 | Date before 2017 | Date before 2017,Accept
791,2016-04-19 | Date before 2017 | Date before 2017,2016-04-19 | Date before 2017 | Date before 2017,Accept
792,2016-07-25 | Date before 2017 | Date before 2017,2016-07-25 | Date before 2017 | Date before 2017,Accept
793,2016-12-11 | Date before 2017 | Date before 2017,2016-12-11 | Date before 2017 | Date before 2017,Accept
794,2016-07-29 | Date before 2017 | Date before 2017,2016-07-29 | Date before 2017 | Date before 2017,Accept
795,2016-04-17 | Date before 2017 | Date before 2017,2016-04-17 | Date before 2017 | Date before 2017,Accept
796,2016-01-09 | Date before 2017 | Date before 2017,2016-01-09 | Date before 2017 | Date before 2017,Accept
797,2016-07-08 | Date before 2017 | Date before 2017,2016-07-08 | Date before 2017 | Date before 2017,Accept
798,2016-01-17 | Date before 2017 | Date before 2017,2016-01-17 | Date before 2017 | Date before 2017,Accept
799,2016-12-04 | Date before 2017 | Date before 2017,2016-12-04 | Date before 2017 | Date before 2017,Accept
800,2016-04-20 | Date before 2017 | Date before 2017,2016-04-20 | Date before 2017 | Date before 2017,Accept
801,2016-08-11 | Date before 2017 | Date before 2017,2016-08-11 | Date before 2017 | Date before 2017,Accept
802,2016-05-19 | Date before 2017 | Date before 2017,2016-05-19 | Date before 2017 | Date before 2017,Accept
803,2016-03-08 | Date before 2017 | Date before 2017,2016-03-08 | Date before 2017 | Date before 2017,Accept
804,2016-11-18 | Date before 2017 | Date before 2017,2016-11-18 | Date before 2017 | Date before 2017,Accept
805,2016-04-02 | Date before 2017 | Date before 2017,2016-04-02 | Date before 2017 | Date before 2017,Accept
806,2016-04-22 | Date before 2017 | Date before 2017,2016-04-22 | Date before 2017 | Date before 2017,Accept
807,2016-03-07 | Date before 2017 | Date before 2017,2016-03-07 | Date before 2017 | Date before 2017,Accept
808,2016-08-29 | Date before 2017 | Date before 2017,2016-08-29 | Date before 2017 | Date before 2017,Accept
809,2016-08-14 | Date before 2017 | Date before 2017,2016-08-14 | Date before 2017 | Date before 2017,Accept
810,2016-09-05 | Date before 2017 | Date before 2017,2016-09-05 | Date before 2017 | Date before 2017,Accept
811,2016-10-26 | Date before 2017 | Date before 2017,2016-10-26 | Date before 2017 | Date before 2017,Accept
812,2016-07-15 | Date before 2017 | Date before 2017,2016-07-15 | Date before 2017 | Date before 2017,Accept
813,2016-04-05 | Date before 2017 | Date before 2017,2016-04-05 | Date before 2017 | Date before 2017,Accept
814,2016-02-04 | Date before 2017 | Date before 2017,2016-02-04 | Date before 2017 | Date before 2017,Accept
815,2016-12-26 | Date before 2017 | Date before 2017,2016-12-26 | Date before 2017 | Date before 2017,Accept
816,2016-05-14 | Date before 2017 | Date before 2017,2016-05-14 | Date before 2017 | Date before 2017,Accept
817,2016-09-30 | Date before 2017 | Date before 2017,2016-09-30 | Date before 2017 | Date before 2017,Accept
818,2016-06-20 | Date before 2017 | Date before 2017,2016-06-20 | Date before 2017 | Date before 2017,Accept
819,2016-02-22 | Date before 2017 | Date before 2017,2016-02-22 | Date before 2017 | Date before 2017,Accept
820,2016-09-23 | Date before 2017 | Date before 2017,2016-09-23 | Date before 2017 | Date before 2017,Accept
821,2016-01-28 | Date before 2017 | Date before 2017,2016-01-28 | Date before 2017 | Date before 2017,Accept
822,2016-02-11 | Date before 2017 | Date before 2017,2016-02-11 | Date before 2017 | Date before 2017,Accept
823,2016-01-03 | Date before 2017 | Date before 2017,2016-01-03 | Date before 2017 | Date before 2017,Accept
824,2016-07-04 | Date before 2017 | Date before 2017,2016-07-04 | Date before 2017 | Date before 2017,Accept
825,2016-09-20 | Date before 2017 | Date before 2017,2016-09-20 | Date before 2017 | Date before 2017,Accept
826,2016-02-20 | Date before 2017 | Date before 2017,2016-02-20 | Date before 2017 | Date before 2017,Accept
827,2016-02-07 | Date before 2017 | Date before 2017,2016-02-07 | Date before 2017 | Date before 2017,Accept
828,2016-09-17 | Date before 2017 | Date before 2017,2016-09-17 | Date before 2017 | Date before 2017,Accept
829,2016-05-18 | Date before 2017 | Date before 2017,2016-05-18 | Date before 2017 | Date before 2017,Accept
830,2016-09-12 | Date before 2017 | Date before 2017,2016-09-12 | Date before 2017 | Date before 2017,Accept
831,2016-06-12 | Date before 2017 | Date before 2017,2016-06-12 | Date before 2017 | Date before 2017,Accept
832,2016-03-15 | Date before 2017 | Date before 2017,2016-03-15 | Date before 2017 | Date before 2017,Accept
833,2016-10-27 | Date before 2017 | Date before 2017,2016-10-27 | Date before 2017 | Date before 2017,Accept
834,2016-11-27 | Date before 2017 | Date before 2017,2016-11-27 | Date before 2017 | Date before 2017,Accept
835,2016-09-18 | Date before 2017 | Date before 2017,2016-09-18 | Date before 2017 | Date before 2017,Accept
836,2016-11-05 | Date before 2017 | Date before 2017,2016-11-05 | Date before 2017 | Date before 2017,Accept
837,2016-02-28 | Date before 2017 | Date before 2017,2016-02-28 | Date before 2017 | Date before 2017,Accept
838,2016-12-21 | Date before 2017 | Date before 2017,2016-12-21 | Date before 2017 | Date before 2017,Accept
839,2016-04-01 | Date before 2017 | Date before 2017,2016-04-01 | Date before 2017 | Date before 2017,Accept
840,2016-11-20 | Date before 2017 | Date before 2017,2016-11-20 | Date before 2017 | Date before 2017,Accept
841,2016-11-23 | Date before 2017 | Date before 2017,2016-11-23 | Date before 2017 | Date before 2017,Accept
842,2016-06-08 | Date before 2017 | Date before 2017,2016-06-08 | Date before 2017 | Date before 2017,Accept
843,2016-03-12 | Date before 2017 | Date before 2017,2016-03-12 | Date before 2017 | Date before 2017,Accept
844,2016-04-09 | Date before 2017 | Date before 2017,2016-04-09 | Date before 2017 | Date before 2017,Accept
845,2016-07-13 | Date before 2017 | Date before 2017,2016-07-13 | Date before 2017 | Date before 2017,Accept
846,2019-01-01 | Date after 2018 | Date after 2018,2019-01-01 | Date after 2018 | Date after 2018,Accept
847,2019-11-19 | Date after 2018 | Date after 2018,2019-11-19 | Date after 2018 | Date after 2018,Accept
848,2019-07-03 | Date after 2018 | Date after 2018,2019-07-03 | Date after 2018 | Date after 2018,Accept
849,2019-07-30 | Date after 2018 | Date after 2018,2019-07-30 | Date after 2018 | Date after 2018,Accept
850,2019-09-11 | Date after 2018 | Date after 2018,2019-09-11 | Date after 2018 | Date after 2018,Accept
851,2019-12-16 | Date after 2018 | Date after 2018,2019-12-16 | Date after 2018 | Date after 2018,Accept
852,2019-11-09 | Date after 2018 | Date after 2018,2019-11-09 | Date after 2018 | Date after 2018,Accept
853,2019-11-16 | Date after 2018 | Date after 2018,2019-11-16 | Date after 2018 | Date after 2018,Accept
854,2019-12-03 | Date after 2018 | Date after 2018,2019-12-03 | Date after 2018 | Date after 2018,Accept
855,2019-02-21 | Date after 2018 | Date after 2018,2019-02-21 | Date after 2018 | Date after 2018,Accept
856,2019-03-15 | Date after 2018 | Date after 2018,2019-03-15 | Date after 2018 | Date after 2018,Accept
857,2019-02-25 | Date after 2018 | Date after 2018,2019-02-25 | Date after 2018 | Date after 2018,Accept
858,2019-08-21 | Date after 2018 | Date after 2018,2019-08-21 | Date after 2018 | Date after 2018,Accept
859,2019-06-06 | Date after 2018 | Date after 2018,2019-06-06 | Date after 2018 | Date after 2018,Accept
860,2019-01-28 | Date after 2018 | Date after 2018,2019-01-28 | Date after 2018 | Date after 2018,Accept
861,2019-06-07 | Date after 2018 | Date after 2018,2019-06-07 | Date after 2018 | Date after 2018,Accept
862,2019-06-01 | Date after 2018 | Date after 2018,2019-06-01 | Date after 2018 | Date after 2018,Accept
863,2019-08-03 | Date after 2018 | Date after 2018,2019-08-03 | Date after 2018 | Date after 2018,Accept
864,2019-09-16 | Date after 2018 | Date after 2018,2019-09-16 | Date after 2018 | Date after 2018,Accept
865,2019-10-30 | Date after 2018 | Date after 2018,2019-10-30 | Date after 2018 | Date after 2018,Accept
866,2019-01-10 | Date after 2018 | Date after 2018,2019-01-10 | Date after 2018 | Date after 2018,Accept
867,2019-03-23 | Date after 2018 | Date after 2018,2019-03-23 | Date after 2018 | Date after 2018,Accept
868,2019-11-26 | Date after 2018 | Date after 2018,2019-11-26 | Date after 2018 | Date after 2018,Accept
869,2019-03-10 | Date after 2018 | Date after 2018,2019-03-10 | Date after 2018 | Date after 2018,Accept
870,2019-05-31 | Date after 2018 | Date after 2018,2019-05-31 | Date after 2018 | Date after 2018,Accept
871,2019-04-06 | Date after 2018 | Date after 2018,2019-04-06 | Date after 2018 | Date after 2018,Accept
872,2019-06-05 | Date after 2018 | Date after 2018,2019-06-05 | Date after 2018 | Date after 2018,Accept
873,2019-05-08 | Date after 2018 | Date after 2018,2019-05-08 | Date after 2018 | Date after 2018,Accept
874,2019-06-02 | Date after 2018 | Date after 2018,2019-06-02 | Date after 2018 | Date after 2018,Accept
875,2019-01-30 | Date after 2018 | Date after 2018,2019-01-30 | Date after 2018 | Date after 2018,Accept
876,2019-05-10 | Date after 2018 | Date after 2018,2019-05-10 | Date after 2018 | Date after 2018,Accept
877,2019-02-16 | Date after 2018 | Date after 2018,2019-02-16 | Date after 2018 | Date after 2018,Accept
878,2019-02-02 | Date after 2018 | Date after 2018,2019-02-02 | Date after 2018 | Date after 2018,Accept
879,2019-09-03 | Date after 2018 | Date after 2018,2019-09-03 | Date after 2018 | Date after 2018,Accept
880,2019-12-10 | Date after 2018 | Date after 2018,2019-12-10 | Date after 2018 | Date after 2018,Accept
881,2019-09-18 | Date after 2018 | Date after 2018,2019-09-18 | Date after 2018 | Date after 2018,Accept
882,2019-04-29 | Date after 2018 | Date after 2018,2019-04-29 | Date after 2018 | Date after 2018,Accept
883,2019-03-21 | Date after 2018 | Date after 2018,2019-03-21 | Date after 2018 | Date after 2018,Accept
884,2019-05-28 | Date after 2018 | Date after 2018,2019-05-28 | Date after 2018 | Date after 2018,Accept
885,2019-09-20 | Date after 2018 | Date after 2018,2019-09-20 | Date after 2018 | Date after 2018,Accept
886,2019-07-10 | Date after 2018 | Date after 2018,2019-07-10 | Date after 2018 | Date after 2018,Accept
887,2019-11-03 | Date after 2018 | Date after 2018,2019-11-03 | Date after 2018 | Date after 2018,Accept
888,2019-04-10 | Date after 2018 | Date after 2018,2019-04-10 | Date after 2018 | Date after 2018,Accept
889,2019-05-25 | Date after 2018 | Date after 2018,2019-05-25 | Date after 2018 | Date after 2018,Accept
890,2019-10-06 | Date after 2018 | Date after 2018,2019-10-06 | Date after 2018 | Date after 2018,Accept
891,2019-08-27 | Date after 2018 | Date after 2018,2019-08-27 | Date after 2018 | Date after 2018,Accept
892,2019-05-21 | Date after 2018 | Date after 2018,2019-05-21 | Date after 2018 | Date after 2018,Accept
893,2019-02-08 | Date after 2018 | Date after 2018,2019-02-08 | Date after 2018 | Date after 2018,Accept
894,2019-12-11 | Date after 2018 | Date after 2018,2019-12-11 | Date after 2018 | Date after 2018,Accept
895,2019-05-24 | Date after 2018 | Date after 2018,2019-05-24 | Date after 2018 | Date after 2018,Accept
896,2019-04-01 | Date after 2018 | Date after 2018,2019-04-01 | Date after 2018 | Date after 2018,Accept
897,2019-04-07 | Date after 2018 | Date after 2018,2019-04-07 | Date after 2018 | Date after 2018,Accept
898,2019-02-28 | Date after 2018 | Date after 2018,2019-02-28 | Date after 2018 | Date after 2018,Accept
899,2019-02-11 | Date after 2018 | Date after 2018,2019-02-11 | Date after 2018 | Date after 2018,Accept
900,2019-04-13 | Date after 2018 | Date after 2018,2019-04-13 | Date after 2018 | Date after 2018,Accept
901,2019-09-24 | Date after 2018 | Date after 2018,2019-09-24 | Date after 2018 | Date after 2018,Accept
902,2019-02-10 | Date after 2018 | Date after 2018,2019-02-10 | Date after 2018 | Date after 2018,Accept
903,2019-10-08 | Date after 2018 | Date after 2018,2019-10-08 | Date after 2018 | Date after 2018,Accept
904,2019-05-02 | Date after 2018 | Date after 2018,2019-05-02 | Date after 2018 | Date after 2018,Accept
905,2019-07-23 | Date after 2018 | Date after 2018,2019-07-23 | Date after 2018 | Date after 2018,Accept
906,2019-02-26 | Date after 2018 | Date after 2018,2019-02-26 | Date after 2018 | Date after 2018,Accept
907,2019-12-14 | Date after 2018 | Date after 2018,2019-12-14 | Date after 2018 | Date after 2018,Accept
908,2019-12-06 | Date after 2018 | Date after 2018,2019-12-06 | Date after 2018 | Date after 2018,Accept
909,2019-04-28 | Date after 2018 | Date after 2018,2019-04-28 | Date after 2018 | Date after 2018,Accept
910,2019-12-21 | Date after 2018 | Date after 2018,2019-12-21 | Date after 2018 | Date after 2018,Accept
911,2019-08-11 | Date after 2018 | Date after 2018,2019-08-11 | Date after 2018 | Date after 2018,Accept
912,2019-08-04 | Date after 2018 | Date after 2018,2019-08-04 | Date after 2018 | Date after 2018,Accept
913,2019-05-09 | Date after 2018 | Date after 2018,2019-05-09 | Date after 2018 | Date after 2018,Accept
914,2019-12-18 | Date after 2018 | Date after 2018,2019-12-18 | Date after 2018 | Date after 2018,Accept
915,2019-01-12 | Date after 2018 | Date after 2018,2019-01-12 | Date after 2018 | Date after 2018,Accept
916,2019-01-13 | Date after 2018 | Date after 2018,2019-01-13 | Date after 2018 | Date after 2018,Accept
917,2019-08-26 | Date after 2018 | Date after 2018,2019-08-26 | Date after 2018 | Date after 2018,Accept
918,2019-11-11 | Date after 2018 | Date after 2018,2019-11-11 | Date after 2018 | Date after 2018,Accept
919,2019-09-25 | Date after 2018 | Date after 2018,2019-09-25 | Date after 2018 | Date after 2018,Accept
920,2019-10-22 | Date after 2018 | Date after 2018,2019-10-22 | Date after 2018 | Date after 2018,Accept
921,2019-05-11 | Date after 2018 | Date after 2018,2019-05-11 | Date after 2018 | Date after 2018,Accept
922,2019-09-10 | Date after 2018 | Date after 2018,2019-09-10 | Date after 2018 | Date after 2018,Accept
923,2019-04-24 | Date after 2018 | Date after 2018,2019-04-24 | Date after 2018 | Date after 2018,Accept
924,2019-02-19 | Date after 2018 | Date after 2018,2019-02-19 | Date after 2018 | Date after 2018,Accept
925,2019-08-23 | Date after 2018 | Date after 2018,2019-08-23 | Date after 2018 | Date after 2018,Accept
926,2019-10-23 | Date after 2018 | Date after 2018,2019-10-23 | Date after 2018 | Date after 2018,Accept
927,2019-04-23 | Date after 2018 | Date after 2018,2019-04-23 | Date after 2018 | Date after 2018,Accept
928,2019-01-21 | Date after 2018 | Date after 2018,2019-01-21 | Date after 2018 | Date after 2018,Accept
929,2019-01-08 | Date after 2018 | Date after 2018,2019-01-08 | Date after 2018 | Date after 2018,Accept
930,2019-01-07 | Date after 2018 | Date after 2018,2019-01-07 | Date after 2018 | Date after 2018,Accept
931,2019-08-13 | Date after 2018 | Date after 2018,2019-08-13 | Date after 2018 | Date after 2018,Accept
932,2019-03-27 | Date after 2018 | Date after 2018,2019-03-27 | Date after 2018 | Date after 2018,Accept
933,2019-07-22 | Date after 2018 | Date after 2018,2019-07-22 | Date after 2018 | Date after 2018,Accept
934,2019-05-01 | Date after 2018 | Date after 2018,2019-05-01 | Date after 2018 | Date after 2018,Accept
935,2019-12-07 | Date after 2018 | Date after 2018,2019-12-07 | Date after 2018 | Date after 2018,Accept
936,2019-06-10 | Date after 2018 | Date after 2018,2019-06-10 | Date after 2018 | Date after 2018,Accept
937,2019-04-02 | Date after 2018 | Date after 2018,2019-04-02 | Date after 2018 | Date after 2018,Accept
938,2019-01-15 | Date after 2018 | Date after 2018,2019-01-15 | Date after 2018 | Date after 2018,Accept
939,2019-10-28 | Date after 2018 | Date after 2018,2019-10-28 | Date after 2018 | Date after 2018,Accept
940,2019-10-02 | Date after 2018 | Date after 2018,2019-10-02 | Date after 2018 | Date after 2018,Accept
941,2019-03-06 | Date after 2018 | Date after 2018,2019-03-06 | Date after 2018 | Date after 2018,Accept
942,2019-12-19 | Date after 2018 | Date after 2018,2019-12-19 | Date after 2018 | Date after 2018,Accept
943,2019-07-15 | Date after 2018 | Date after 2018,2019-07-15 | Date after 2018 | Date after 2018,Accept
944,2019-06-15 | Date after 2018 | Date after 2018,2019-06-15 | Date after 2018 | Date after 2018,Accept
945,2019-01-27 | Date after 2018 | Date after 2018,2019-01-27 | Date after 2018 | Date after 2018,Accept
946,2019-08-22 | Date after 2018 | Date after 2018,2019-08-22 | Date after 2018 | Date after 2018,Accept
947,2019-11-25 | Date after 2018 | Date after 2018,2019-11-25 | Date after 2018 | Date after 2018,Accept
948,2019-11-07 | Date after 2018 | Date after 2018,2019-11-07 | Date after 2018 | Date after 2018,Accept
949,2019-11-13 | Date after 2018 | Date after 2018,2019-11-13 | Date after 2018 | Date after 2018,Accept
950,2019-09-21 | Date after 2018 | Date after 2018,2019-09-21 | Date after 2018 | Date after 2018,Accept
951,2019-11-15 | Date after 2018 | Date after 2018,2019-11-15 | Date after 2018 | Date after 2018,Accept
952,2019-04-17 | Date after 2018 | Date after 2018,2019-04-17 | Date after 2018 | Date after 2018,Accept
953,2019-03-09 | Date after 2018 | Date after 2018,2019-03-09 | Date after 2018 | Date after 2018,Accept
954,2019-04-14 | Date after 2018 | Date after 2018,2019-04-14 | Date after 2018 | Date after 2018,Accept
955,2019-04-11 | Date after 2018 | Date after 2018,2019-04-11 | Date after 2018 | Date after 2018,Accept
956,2019-07-09 | Date after 2018 | Date after 2018,2019-07-09 | Date after 2018 | Date after 2018,Accept
957,2019-02-22 | Date after 2018 | Date after 2018,2019-02-22 | Date after 2018 | Date after 2018,Accept
958,2019-01-22 | Date after 2018 | Date after 2018,2019-01-22 | Date after 2018 | Date after 2018,Accept
959,2019-09-07 | Date after 2018 | Date after 2018,2019-09-07 | Date after 2018 | Date after 2018,Accept
960,2019-01-06 | Date after 2018 | Date after 2018,2019-01-06 | Date after 2018 | Date after 2018,Accept
961,2017-01-32 | Invalid date format | Invalid date format,2017-01-32 | Invalid date format | Invalid date format,Accept
962,2017-02-29 | Invalid date format | Invalid date format,2017-02-29 | Invalid date format | Invalid date format,Accept
963,2017-03-32 | Invalid date format | Invalid date format,2017-03-32 | Invalid date format | Invalid date format,Accept
964,2017-04-31 | Invalid date format | Invalid date format,2017-04-31 | Invalid date format | Invalid date format,Accept
965,2017-05-32 | Invalid date format | Invalid date format,2017-05-32 | Invalid date format | Invalid date format,Accept
966,2017-06-31 | Invalid date format | Invalid date format,2017-06-31 | Invalid date format | Invalid date format,Accept
967,2017-00-15 | Invalid date format | Invalid date format,2017-00-15 | Invalid date format | Invalid date format,Accept
968,2017-07-32 | Invalid date format | Invalid date format,2017-07-32 | Invalid date format | Invalid date format,Accept
969,2017-08-32 | Invalid date format | Invalid date format,2017-08-32 | Invalid date format | Invalid date format,Accept
970,2017-09-31 | Invalid date format | Invalid date format,2017-09-31 | Invalid date format | Invalid date format,Accept
971,2017-10-32 | Invalid date format | Invalid date format,2017-10-32 | Invalid date format | Invalid date format,Accept
972,2017-11-31 | Invalid date format | Invalid date format,2017-11-31 | Invalid date format | Invalid date format,Accept
973,2017-12-32 | Invalid date format | Invalid date format,2017-12-32 | Invalid date format | Invalid date format,Accept
974,2017-13-22 | Invalid date format | Invalid date format,2017-13-22 | Invalid date format | Invalid date format,Accept
975,2018-01-32 | Invalid date format | Invalid date format,2018-01-32 | Invalid date format | Invalid date format,Accept
976,2018-02-29 | Invalid date format | Invalid date format,2018-02-29 | Invalid date format | Invalid date format,Accept
977,2018-03-32 | Invalid date format | Invalid date format,2018-03-32 | Invalid date format | Invalid date format,Accept
978,2018-04-31 | Invalid date format | Invalid date format,2018-04-31 | Invalid date format | Invalid date format,Accept
979,2018-05-32 | Invalid date format | Invalid date format,2018-05-32 | Invalid date format | Invalid date format,Accept
980,2018-06-31 | Invalid date format | Invalid date format,2018-06-31 | Invalid date format | Invalid date format,Accept
981,2018-07-32 | Invalid date format | Invalid date format,2018-07-32 | Invalid date format | Invalid date format,Accept
982,2018-08-32 | Invalid date format | Invalid date format,2018-08-32 | Invalid date format | Invalid date format,Accept
983,2018-09-31 | Invalid date format | Invalid date format,2018-09-31 | Invalid date format | Invalid date format,Accept
984,2018-10-32 | Invalid date format | Invalid date format,2018-10-32 | Invalid date format | Invalid date format,Accept
985,2018-11-31 | Invalid date format | Invalid date format,2018-11-31 | Invalid date format | Invalid date format,Accept
986,2018-12-32 | Invalid date format | Invalid date format,2018-12-32 | Invalid date format | Invalid date format,Accept
987,2016-01-32 | Invalid date format | Invalid date format,2016-01-32 | Invalid date format | Invalid date format,Accept
988,2016-02-30 | Invalid date format | Invalid date format,2016-02-30 | Invalid date format | Invalid date format,Accept
989,2016-03-32 | Invalid date format | Invalid date format,2016-03-32 | Invalid date format | Invalid date format,Accept
990,2016-04-31 | Invalid date format | Invalid date format,2016-04-31 | Invalid date format | Invalid date format,Accept
991,2016-05-32 | Invalid date format | Invalid date format,2016-05-32 | Invalid date format | Invalid date format,Accept
992,2016-06-31 | Invalid date format | Invalid date format,2016-06-31 | Invalid date format | Invalid date format,Accept
993,2016-07-32 | Invalid date format | Invalid date format,2016-07-32 | Invalid date format | Invalid date format,Accept
994,2016-08-32 | Invalid date format | Invalid date format,2016-08-32 | Invalid date format | Invalid date format,Accept
995,2016-09-31 | Invalid date format | Invalid date format,2016-09-31 | Invalid date format | Invalid date format,Accept
996,2016-10-32 | Invalid date format | Invalid date format,2016-10-32 | Invalid date format | Invalid date format,Accept
997,2016-11-31 | Invalid date format | Invalid date format,2016-11-31 | Invalid date format | Invalid date format,Accept
998,2016-12-32 | Invalid date format | Invalid date format,2016-12-32 | Invalid date format | Invalid date format,Accept
999,2019-01-32 | Invalid date format | Invalid date format,2019-01-32 | Invalid date format | Invalid date format,Accept
1000,2019-02-29 | Invalid date format | Invalid date format,2019-02-29 | Invalid date format | Invalid date format,Accept
1001,2019-03-32 | Invalid date format | Invalid date format,2019-03-32 | Invalid date format | Invalid date format,Accept
1002,2019-04-31 | Invalid date format | Invalid date format,2019-04-31 | Invalid date format | Invalid date format,Accept
1003,2019-05-32 | Invalid date format | Invalid date format,2019-05-32 | Invalid date format | Invalid date format,Accept
1004,2019-06-31 | Invalid date format | Invalid date format,2019-06-31 | Invalid date format | Invalid date format,Accept
1005,2019-07-32 | Invalid date format | Invalid date format,2019-07-32 | Invalid date format | Invalid date format,Accept
1006,2019-08-32 | Invalid date format | Invalid date format,2019-08-32 | Invalid date format | Invalid date format,Accept
1007,2019-09-31 | Invalid date format | Invalid date format,2019-09-31 | Invalid date format | Invalid date format,Accept
1008,2019-10-32 | Invalid date format | Invalid date format,2019-10-32 | Invalid date format | Invalid date format,Accept
1009,2019-11-31 | Invalid date format | Invalid date format,2019-11-31 | Invalid date format | Invalid date format,Accept
1010,2019-12-32 | Invalid date format | Invalid date format,2019-12-32 | Invalid date format | Invalid date format,Accept
